ve_ref,value,tags
1.1.t1,μῆνιν,Acc1.
1.1.t2,ἄειδε,Pres6.;Impr1.;Act1.
1.1.t3,θεὰ,Voc1.
1.1.t4,Πηληϊάδεω,Agr.
1.1.t5,Ἀχιλῆος,Gen7.
1.2.t1,οὐλομένην,Agr.
1.2.t2,ἣ,Nom1.
1.2.t3,μυρί',Agr.
1.2.t4,Ἀχαιοῖς,Dat1.
1.2.t5,ἄλγε',Acc1.
1.2.t6,ἔθηκε,Aor2.
1.3.t1,πολλὰς,Agr.
1.3.t2,δ',
1.3.t3,ἰφθίμους,Agr.
1.3.t4,ψυχὰς,Acc1.
1.3.t5,Ἄϊδι,Dat1.
1.3.t6,προΐαψεν,Aor2.
1.4.t1,ἡρώων,Gen1.
1.4.t2,αὐτοὺς,Acc1.
1.4.t3,δὲ,
1.4.t4,ἑλώρια,Acc10.
1.4.t5,τεῦχε,Impf1.;Ind1.;Act1.
1.4.t6,κύνεσσιν,Dat1.
1.5.t1,οἰωνοῖσί,Dat1.
1.5.t2,τε,
1.5.t3,πᾶσι,Agr.
1.5.t4,Διὸς,Gen1.
1.5.t5,δ',
1.5.t6,ἐτελείετο,Impf1.;Ind1.;Mid7.
1.5.t7,βουλή,Nom1.
1.6.t1,ἐξ,
1.6.t2,οὗ,GBP.
1.6.t3,δὴ,
1.6.t4,τὰ,
1.6.t5,πρῶτα,Acc8.
1.6.t6,διαστήτην,Aor1.
1.6.t7,ἐρίσαντε,Aor12.;Partic2.;Agr.
1.7.t1,Ἀτρεΐδης,Nom1.
1.7.t2,τε,
1.7.t3,ἄναξ,Agr.
1.7.t4,ἀνδρῶν,Gen8.
1.7.t5,καὶ,
1.7.t6,δῖος,Agr.
1.7.t7,Ἀχιλλεύς,Nom1.
1.8.t1,τίς,
1.8.t2,τ',
1.8.t3,ἄρ,
1.8.t4,σφωε,Acc1.
1.8.t5,θεῶν,Gen2.
1.8.t6,ἔριδι,Dat6.
1.8.t7,ξυνέηκε,Aor2.;Ind1.;Act1.
1.8.t8,μάχεσθαι,Pres6.;Inf4.;Mid6.
1.9.t1,Λητοῦς,Gen1.
1.9.t2,καὶ,
1.9.t3,Διὸς,Gen1.
1.9.t4,υἱός,Nom3.
1.9.t5,ὃ,Nom1.
1.9.t6,γὰρ,
1.9.t7,βασιλῆϊ,Dat9.
1.9.t8,χολωθεὶς,Agr.
1.10.t1,νοῦσον,Acc1.
1.10.t2,ἀνὰ,Prep4.
1.10.t3,στρατὸν,GBP.
1.10.t4,ὄρσε,Aor2.;Ind1.;Act1.
1.10.t5,κακήν,Agr.
1.10.t6,ὀλέκοντο,Impf1.;Ind1.;Pass1.
1.10.t7,δὲ,
1.10.t8,λαοί,Nom1.
1.11.t1,οὕνεκα,
1.11.t2,τὸν,Agr.
1.11.t3,Χρύσην,Acc1.
1.11.t4,ἠτίμασεν,Aor2.;Ind7.;Act1.
1.11.t5,ἀρητῆρα,Agr.
1.12.t1,Ἀτρεΐδης,Nom1.
1.12.t2,ὃ,Nom1.
1.12.t3,γὰρ,
1.12.t4,ἦλθε,Aor2.
1.12.t5,θοὰς,Agr.
1.12.t6,ἐπὶ,Prep3.
1.12.t7,νῆας,GBP.
1.12.t8,Ἀχαιῶν,Gen1.
1.13.t1,λυσόμενός,Fut6.;Partic5.;Mid1.;Agr.
1.13.t2,τε,
1.13.t3,θύγατρα,Acc1.
1.13.t4,φέρων,Pres6.;Partic2.;Act1.;Agr.
1.13.t5,τ',
1.13.t6,ἀπερείσι',Agr.
1.13.t7,ἄποινα,Acc1.
1.14.t1,στέμματ',Acc1.
1.14.t2,ἔχων,Pres6.;Partic2.;Act1.;Agr.
1.14.t3,ἐν,Prep3.
1.14.t4,χερσὶν,GBP.
1.14.t5,ἑκηβόλου,Agr.
1.14.t6,Ἀπόλλωνος,Gen1.
1.15.t1,χρυσέῳ,Agr.
1.15.t2,ἀνὰ,Prep3.
1.15.t3,σκήπτρῳ,GBP.
1.15.t4,καὶ,
1.15.t5,λίσσετο,Impf1.;Ind1.;Mid3.
1.15.t6,πάντας,Agr.
1.15.t7,Ἀχαιούς,Acc1.
1.16.t1,Ἀτρεΐδα,Agr.
1.16.t2,δὲ,
1.16.t3,μάλιστα,
1.16.t4,δύω,
1.16.t5,κοσμήτορε,Acc1.
1.16.t6,λαῶν,Gen8.
1.17.t1,Ἀτρεΐδαι,Voc1.
1.17.t2,τε,
1.17.t3,καὶ,
1.17.t4,ἄλλοι,Agr.
1.17.t5,ἐϋκνήμιδες,Agr.
1.17.t6,Ἀχαιοί,Voc1.
1.18.t1,ὑμῖν,Dat1.
1.18.t2,μὲν,
1.18.t3,θεοὶ,Nom1.
1.18.t4,δοῖεν,Aor12.;Opt1.;Act1.
1.18.t5,Ὀλύμπια,Agr.
1.18.t6,δώματ',Acc1.
1.18.t7,ἔχοντες,Pres6.;Partic1.;Act1.;Agr.
1.19.t1,ἐκπέρσαι,Aor12.;Inf2.;Act1.
1.19.t2,Πριάμοιο,Gen1.
1.19.t3,πόλιν,Acc1.
1.19.t4,εὖ,
1.19.t5,δ',
1.19.t6,οἴκαδ',
1.19.t7,ἱκέσθαι,Aor12.;Inf2.;Mid4.
1.20.t1,παῖδα,Acc1.
1.20.t2,δ',
1.20.t3,ἐμοὶ,Dat2.
1.20.t4,λύσαιτε,Aor12.;Opt2.;Act1.
1.20.t5,φίλην,Agr.
1.20.t6,τὰ,Agr.
1.20.t7,δ',
1.20.t8,ἄποινα,Acc1.
1.20.t9,δέχεσθαι,Pres6.;Inf6.;Mid1.
1.21.t1,ἁζόμενοι,Pres6.;Partic5.;Mid5.;Agr.
1.21.t2,Διὸς,Gen1.
1.21.t3,υἱὸν,Agr.
1.21.t4,ἑκηβόλον,Agr.
1.21.t5,Ἀπόλλωνα,Acc1.
1.22.t1,ἔνθ',
1.22.t2,ἄλλοι,Agr.
1.22.t3,μὲν,
1.22.t4,πάντες,Agr.
1.22.t5,ἐπευφήμησαν,Aor2.;Ind1.;Act1.
1.22.t6,Ἀχαιοὶ,Nom1.
1.23.t1,αἰδεῖσθαί,Pres6.;Inf2.;Mid5.
1.23.t2,θ',
1.23.t3,ἱερῆα,Acc1.
1.23.t4,καὶ,
1.23.t5,ἀγλαὰ,Agr.
1.23.t6,δέχθαι,Aor12.;Inf2.;Mid1.
1.23.t7,ἄποινα,Acc1.
1.24.t1,ἀλλ',
1.24.t2,οὐκ,
1.24.t3,Ἀτρεΐδῃ,Agr.
1.24.t4,Ἀγαμέμνονι,Dat1.
1.24.t5,ἥνδανε,Impf4.;Ind1.;Act1.
1.24.t6,θυμῷ,Dat12.
1.25.t1,ἀλλὰ,
1.25.t2,κακῶς,
1.25.t3,ἀφίει,Impf6.;Ind1.;Act1.
1.25.t4,κρατερὸν,Agr.
1.25.t5,δ',
1.25.t6,ἐπὶ,
1.25.t7,μῦθον,Acc1.
1.25.t8,ἔτελλε,Impf1.;Ind1.;Act1.
1.26.t1,μή,
1.26.t2,σε,Acc7.
1.26.t3,γέρον,Voc1.
1.26.t4,κοίλῃσιν,Agr.
1.26.t5,ἐγὼ,Nom1.
1.26.t6,παρὰ,Prep3.
1.26.t7,νηυσὶ,GBP.
1.26.t8,κιχείω,Aor12.;Subj5.;Act1.
1.27.t1,ἢ,
1.27.t2,νῦν,
1.27.t3,δηθύνοντ',Pres6.;Partic2.;Agr.
1.27.t4,ἢ,
1.27.t5,ὕστερον,Acc8.
1.27.t6,αὖτις,
1.27.t7,ἰόντα,Pres6.;Partic2.;Agr.
1.28.t1,μή,
1.28.t2,νύ,
1.28.t3,τοι,Dat1.
1.28.t4,οὐ,
1.28.t5,χραίσμῃ,Pres6.;Act1.
1.28.t6,σκῆπτρον,Nom1.
1.28.t7,καὶ,
1.28.t8,στέμμα,Nom1.
1.28.t9,θεοῖο,Gen1.
1.29.t1,τὴν,Acc1.
1.29.t2,δ',
1.29.t3,ἐγὼ,Nom1.
1.29.t4,οὐ,
1.29.t5,λύσω,Fut1.;Ind1.;Act1.
1.29.t6,πρίν,
1.29.t7,μιν,Acc1.
1.29.t8,καὶ,
1.29.t9,γῆρας,Nom1.
1.29.t10,ἔπεισιν,Pres4.;Ind7.;Act1.
1.30.t1,ἡμετέρῳ,Agr.
1.30.t2,ἐνὶ,Prep3.
1.30.t3,οἴκῳ,GBP.
1.30.t4,ἐν,Prep3.
1.30.t5,Ἄργεϊ,GBP.
1.30.t6,τηλόθι,Prep3.
1.30.t7,πάτρης,GBP.
1.31.t1,ἱστὸν,Acc1.
1.31.t2,ἐποιχομένην,Pres6.;Partic2.;Mid4.;Agr.
1.31.t3,καὶ,
1.31.t4,ἐμὸν,Agr.
1.31.t5,λέχος,Acc1.
1.31.t6,ἀντιόωσαν,Pres6.;Partic2.;Act1.;Agr.
1.32.t1,ἀλλ',
1.32.t2,ἴθι,Pres6.;Impr1.;Act1.
1.32.t3,μή,
1.32.t4,μ',Acc1.
1.32.t5,ἐρέθιζε,Pres6.;Impr1.
1.32.t6,σαώτερος,Acc8.
1.32.t7,ὥς,
1.32.t8,κε,
1.32.t9,νέηαι,Pres6.;Subj7.;Mid4.
1.33.t1,ὣς,
1.33.t2,ἔφατ',Impf1.;Ind1.;Mid3.
1.33.t3,ἔδεισεν,Aor1.;Ind1.;Act1.
1.33.t4,δ',
1.33.t5,ὃ,Agr.
1.33.t6,γέρων,Nom1.
1.33.t7,καὶ,
1.33.t8,ἐπείθετο,Impf1.;Ind1.;Mid7.
1.33.t9,μύθῳ,Dat1.
1.34.t1,βῆ,Aor2.;Ind1.;Act1.
1.34.t2,δ',
1.34.t3,ἀκέων,Agr.
1.34.t4,παρὰ,Prep3.
1.34.t5,θῖνα,GBP.
1.34.t6,πολυφλοίσβοιο,Agr.
1.34.t7,θαλάσσης,
1.35.t1,πολλὰ,Acc8.
1.35.t2,δ',
1.35.t3,ἔπειτ',
1.35.t4,ἀπάνευθε,
1.35.t5,κιὼν,Aor12.;Partic2.;Act1.;Agr.
1.35.t6,ἠρᾶθ',Impf1.;Ind1.;Mid3.
1.35.t7,ὃ,Agr.
1.35.t8,γεραιὸς,Nom1.
1.36.t1,Ἀπόλλωνι,Dat1.
1.36.t2,ἄνακτι,Agr.
1.36.t3,τὸν,Acc1.
1.36.t4,ἠΰκομος,Agr.
1.36.t5,τέκε,Aor2.;Ind7.;Act1.
1.36.t6,Λητώ,Nom1.
1.37.t1,κλῦθί,Aor12.;Impr1.
1.37.t2,μευ,Gen10.
1.37.t3,ἀργυρότοξ',Voc1.
1.37.t4,ὃς,Nom1.
1.37.t5,Χρύσην,Acc1.
1.37.t6,ἀμφιβέβηκας,Perf2.;Ind7.
1.38.t1,Κίλλάν,Acc1.
1.38.t2,τε,
1.38.t3,ζαθέην,Agr.
1.38.t4,Τενέδοιό,Gen10.
1.38.t5,τε,
1.38.t6,ἶφι,
1.38.t7,ἀνάσσεις,Pres1.;Ind7.;Act1.
1.39.t1,Σμινθεῦ,Voc1.
1.39.t2,εἴ,
1.39.t3,ποτέ,
1.39.t4,τοι,Dat3.
1.39.t5,χαρίεντ',Dat9.
1.39.t6,ἐπὶ,
1.39.t7,νηὸν,Acc1.
1.39.t8,ἔρεψα,Aor2.;Ind7.;Act1.
1.40.t1,ἢ,
1.40.t2,εἰ,
1.40.t3,δή,
1.40.t4,ποτέ,
1.40.t5,τοι,Dat3.
1.40.t6,κατὰ,
1.40.t7,πίονα,Agr.
1.40.t8,μηρί',Acc1.
1.40.t9,ἔκηα,Aor2.;Ind7.;Act1.
1.41.t1,ταύρων,Gen1.
1.41.t2,ἠδ',
1.41.t3,αἰγῶν,Gen1.
1.41.t4,τὸ,
1.41.t5,δέ,
1.41.t6,μοι,Dat3.
1.41.t7,κρήηνον,Aor12.;Impr1.;Act1.
1.41.t8,ἐέλδωρ,Acc1.
1.42.t1,τίσειαν,Aor12.;Opt1.;Act1.
1.42.t2,Δαναοὶ,Nom1.
1.42.t3,ἐμὰ,Agr.
1.42.t4,δάκρυα,Acc1.
1.42.t5,σοῖσι,Agr.
1.42.t6,βέλεσσιν,Dat9.
1.43.t1,ὣς,
1.43.t2,ἔφατ',Impf1.;Ind1.;Mid3.
1.43.t3,εὐχόμενος,Pres6.;Partic2.;Mid3.;Agr.
1.43.t4,τοῦ,Gen10.
1.43.t5,δ',
1.43.t6,ἔκλυε,Impf1.;Ind1.;Act1.
1.43.t7,Φοῖβος,Agr.
1.43.t8,Ἀπόλλων,Nom1.
1.44.t1,βῆ,Aor1.;Ind1.;Act1.
1.44.t2,δὲ,
1.44.t3,κατ',Prep3.
1.44.t4,Οὐλύμποιο,Agr.
1.44.t5,καρήνων,GBP.
1.44.t6,χωόμενος,Pres6.;Partic2.;Mid5.;Agr.
1.44.t7,κῆρ,Acc4.
1.45.t1,τόξ',Acc1.
1.45.t2,ὤμοισιν,Dat12.
1.45.t3,ἔχων,Pres6.;Partic2.;Act1.;Agr.
1.45.t4,ἀμφηρεφέα,Agr.
1.45.t5,τε,
1.45.t6,φαρέτρην,Acc1.
1.46.t1,ἔκλαγξαν,Aor1.;Ind1.;Act1.
1.46.t2,δ',
1.46.t3,ἄρ',
1.46.t4,ὀϊστοὶ,Nom1.
1.46.t5,ἐπ',Prep3.
1.46.t6,ὤμων,GBP.
1.46.t7,χωομένοιο,Pres6.;Partic3.;Mid5.;Gen15.
1.47.t1,αὐτοῦ,Gen15.
1.47.t2,κινηθέντος,Aor12.;Partic2.;Pass1.
1.47.t3,ὃ,Nom1.
1.47.t4,δ',
1.47.t5,ἤϊε,Impf1.;Ind1.;Act1.
1.47.t6,νυκτὶ,Dat1.
1.47.t7,ἐοικώς,Perf7.;Partic2.;Act1.;Agr.
1.48.t1,ἕζετ',Aor2.;Ind1.
1.48.t2,ἔπειτ',
1.48.t3,ἀπάνευθε,Prep3.
1.48.t4,νεῶν,GBP.
1.48.t5,μετὰ,
1.48.t6,δ',
1.48.t7,ἰὸν,Acc1.
1.48.t8,ἕηκε,Aor2.;Ind1.
1.49.t1,δεινὴ,Nom2.
1.49.t2,δὲ,
1.49.t3,κλαγγὴ,Nom1.
1.49.t4,γένετ',Aor2.;Ind1.;Mid7.
1.49.t5,ἀργυρέοιο,Agr.
1.49.t6,βιοῖο,Gen11.
1.50.t1,οὐρῆας,Acc1.
1.50.t2,μὲν,
1.50.t3,πρῶτον,Acc8.
1.50.t4,ἐπῴχετο,Impf1.;Indic1.;Mid4.
1.50.t5,καὶ,
1.50.t6,κύνας,Acc1.
1.50.t7,ἀργούς,Agr.
1.51.t1,αὐτὰρ,
1.51.t2,ἔπειτ',
1.51.t3,αὐτοῖσι,Dat1.
1.51.t4,βέλος,Acc1.
1.51.t5,ἐχεπευκὲς,Agr.
1.51.t6,ἐφιεὶς,Pres6.;Partic2.;Act1.;Agr.
1.52.t1,βάλλ',Impf1.;Indic1.;Act1.
1.52.t2,αἰεὶ,
1.52.t3,δὲ,
1.52.t4,πυραὶ,Nom1.
1.52.t5,νεκύων,Gen4.
1.52.t6,καίοντο,Impf1.;Ind1.;Pass1.
1.52.t7,θαμειαί,Agr.
1.53.t1,ἐννῆμαρ,
1.53.t2,μὲν,
1.53.t3,ἀνὰ,Prep3.
1.53.t4,στρατὸν,GBP.
1.53.t5,ᾤχετο,Impf1.;Ind1.;Mid4.
1.53.t6,κῆλα,Nom1.
1.53.t7,θεοῖο,Gen1.
1.54.t1,τῇ,Agr.
1.54.t2,δεκάτῃ,Dat11.
1.54.t3,δ',
1.54.t4,ἀγορὴν,Acc7.
1.54.t5,δὲ,
1.54.t6,καλέσσατο,Aor2.;Ind1.;Mid3.
1.54.t7,λαὸν,Acc1.
1.54.t8,Ἀχιλλεύς,Nom1.
1.55.t1,τῷ,Agr.
1.55.t2,γὰρ,
1.55.t3,ἐπὶ,Prep3.
1.55.t4,φρεσὶ,GBP.
1.55.t5,θῆκε,Aor2.;Ind1.;Act1.
1.55.t6,θεὰ,Agr.
1.55.t7,λευκώλενος,Agr.
1.55.t8,Ἥρη,Nom1.
1.56.t1,κήδετο,Impf1.;Ind1.;Mid5.
1.56.t2,γὰρ,
1.56.t3,Δαναῶν,Gen17.
1.56.t4,ὅτι,
1.56.t5,ῥα,
1.56.t6,θνήσκοντας,Pres6.;Partic4.;Act1.;Acc8.
1.56.t7,ὁρᾶτο,Impf1.;Ind7.;Mid5.
1.57.t1,οἳ,Nom1.
1.57.t2,δ',
1.57.t3,ἐπεὶ,
1.57.t4,οὖν,
1.57.t5,ἤγερθεν,Aor2.
1.57.t6,ὁμηγερέες,Nom2.
1.57.t7,τε,
1.57.t8,γένοντο,Aor2.;Mid.
1.58.t1,τοῖσι,Dat12.
1.58.t2,δ',
1.58.t3,ἀνιστάμενος,
1.58.t4,μετέφη,Imperf.
1.58.t5,πόδας,Acc4.
1.58.t6,ὠκὺς,Agr.
1.58.t7,Ἀχιλλεύς,Nom1.
1.59.t1,Ἀτρεΐδη,Voc1.
1.59.t2,νῦν,
1.59.t3,ἄμμε,Acc3.
1.59.t4,παλιμπλαγχθέντας,Agr.
1.59.t5,ὀΐω,Pres.
1.60.t1,ἂψ,
1.60.t2,ἀπονοστήσειν,Perf.;Inf2.
1.60.t3,εἴ,
1.60.t4,κεν,
1.60.t5,θάνατόν,Acc1.
1.60.t6,γε,
1.60.t7,φύγοιμεν,Aor12.;Opt.
1.61.t1,εἰ,
1.61.t2,δὴ,
1.61.t3,ὁμοῦ,
1.61.t4,πόλεμός,Nom1.
1.61.t5,τε,
1.61.t6,δαμᾷ,Fut.
1.61.t7,καὶ,
1.61.t8,λοιμὸς,Nom1.
1.61.t9,Ἀχαιούς,Acc1.
1.62.t1,ἀλλ',
1.62.t2,ἄγε,
1.62.t3,δή,
1.62.t4,τινα,Agr.
1.62.t5,μάντιν,Acc1.
1.62.t6,ἐρείομεν,Pres.;Subj1.
1.62.t7,ἢ,
1.62.t8,ἱερῆα,Acc1.
1.63.t1,ἢ,
1.63.t2,καὶ,
1.63.t3,ὀνειροπόλον,Acc1.
1.63.t4,καὶ,
1.63.t5,γάρ,
1.63.t6,τ',
1.63.t7,ὄναρ,Nom1.
1.63.t8,ἐκ,Prep1.
1.63.t9,Διός,GBP.
1.63.t10,ἐστιν,Pres.
1.64.t1,ὅς,Nom1.
1.64.t2,κ',
1.64.t3,εἴποι,Aor12.;Opt.
1.64.t4,ὅ,
1.64.t5,τι,Acc11.
1.64.t6,τόσσον,Acc8.
1.64.t7,ἐχώσατο,Aor1.;Mid.
1.64.t8,Φοῖβος,Agr.
1.64.t9,Ἀπόλλων,Nom1.
1.65.t1,εἴτ',
1.65.t2,ἄρ',
1.65.t3,ὅ,Nom1.
1.65.t4,γ',
1.65.t5,εὐχωλῆς,Gen17.
1.65.t6,ἐπιμέμφεται,
1.65.t7,ἠδ',
1.65.t8,ἑκατόμβης,Gen17.
1.66.t1,αἴ,
1.66.t2,κέν,
1.66.t3,πως,
1.66.t4,ἀρνῶν,Gen1.
1.66.t5,κνίσης,Gen10.
1.66.t6,αἰγῶν,Gen1.
1.66.t7,τε,
1.66.t8,τελείων,Agr.
1.67.t1,βούλεται,Pres6.;Subj.;Mid.
1.67.t2,ἀντιάσας,
1.67.t3,ἡμῖν,Dat3.
1.67.t4,ἀπὸ,
1.67.t5,λοιγὸν,Acc1.
1.67.t6,ἀμῦναι,Aor12.;Infin.
1.68.t1,ἤτοι,
1.68.t2,ὅ,Nom1.
1.68.t3,γ',
1.68.t4,ὣς,
1.68.t5,εἰπὼν,
1.68.t6,κατ',
1.68.t7,ἄρ',
1.68.t8,ἕζετο,Impf1.;Mid.
1.68.t9,τοῖσι,Dat12.
1.68.t10,δ',
1.68.t11,ἀνέστη,Aor.
1.69.t1,Κάλχας,Nom1.
1.69.t2,Θεστορίδης,Agr.
1.69.t3,οἰωνοπόλων,Gen13.
1.69.t4,ὄχ',
1.69.t5,ἄριστος,Agr.
1.70.t1,ὃς,Nom1.
1.70.t2,ᾔδη,Pluperf.
1.70.t3,τά,Acc1.
1.70.t4,τ',
1.70.t5,ἐόντα,Agr.
1.70.t6,τά,Acc1.
1.70.t7,τ',
1.70.t8,ἐσσόμενα,Agr.
1.70.t9,πρό,
1.70.t10,τ',
1.70.t11,ἐόντα,Agr.
1.71.t1,καὶ,
1.71.t2,νήεσσ',Dat1.
1.71.t3,ἡγήσατ',Aor.;Mid.
1.71.t4,Ἀχαιῶν,Gen1.
1.71.t5,Ἴλιον,GBP.
1.71.t6,εἴσω,Prep3.
1.72.t1,ἣν,Agr.
1.72.t2,διὰ,Prep1.
1.72.t3,μαντοσύνην,GBP.
1.72.t4,τήν,Acc1.
1.72.t5,οἱ,Dat1.
1.72.t6,πόρε,Aor.
1.72.t7,Φοῖβος,Agr.
1.72.t8,Ἀπόλλων,Nom1.
1.73.t1,ὅ,Nom1.
1.73.t2,σφιν,Dat12.
1.73.t3,ἐὺ,
1.73.t4,φρονέων,Agr.
1.73.t5,ἀγορήσατο,Aor.;Mid6.
1.73.t6,καὶ,
1.73.t7,μετέειπεν,Aor.
1.74.t1,ὦ,
1.74.t2,Ἀχιλεῦ,Voc1.
1.74.t3,κέλεαί,Pres6.;Mid.
1.74.t4,με,Acc1.
1.74.t5,Διῒ,Dat14.
1.74.t6,φίλε,Voc1.
1.74.t7,μυθήσασθαι,Aor12.;Inf2.;Mid.
1.75.t1,μῆνιν,Acc1.
1.75.t2,Ἀπόλλωνος,Gen7.
1.75.t3,ἑκατηβελέταο,Agr.
1.75.t4,ἄνακτος,Agr.
1.76.t1,τοὶ,Dat1.
1.76.t2,γὰρ,
1.76.t3,ἐγὼν,Nom1.
1.76.t4,ἐρέω,Fut.
1.76.t5,σὺ,Nom1.
1.76.t6,δὲ,
1.76.t7,σύνθεο,Aor12.;Impr1.;Mid.
1.76.t8,καί,
1.76.t9,μοι,Dat1.
1.76.t10,ὄμοσσον,Aor12.;Impr1.
1.77.t1,ἦ,
1.77.t2,μέν,
1.77.t3,μοι,Dat1.
1.77.t4,πρόφρων,Agr.
1.77.t5,ἔπεσιν,Dat6.
1.77.t6,καὶ,
1.77.t7,χερσὶν,Dat6.
1.77.t8,ἀρήξειν,Future.;Inf2.
1.78.t1,ἦ,
1.78.t2,γὰρ,
1.78.t3,ὀΐομαι,Pres6.;Mid.
1.78.t4,ἄνδρα,Acc1.
1.78.t5,χολωσέμεν,Future.;Inf2.
1.78.t6,ὃς,Nom1.
1.78.t7,μέγα,Acc8.
1.78.t8,πάντων,Agr.
1.79.t1,Ἀργείων,Gen10.
1.79.t2,κρατέει,Pres.
1.79.t3,καί,
1.79.t4,οἱ,Dat1.
1.79.t5,πείθονται,Pres.;Mid.
1.79.t6,Ἀχαιοί,Nom1.
1.80.t1,κρείσσων,Nom2.
1.80.t2,γὰρ,
1.80.t3,βασιλεὺς,Nom1.
1.80.t4,ὅτε,
1.80.t5,χώσεται,Aor12.;Subj7.;Mid.
1.80.t6,ἀνδρὶ,Dat9.
1.80.t7,χέρηϊ,Agr.
1.81.t1,εἴ,
1.81.t2,περ,
1.81.t3,γάρ,
1.81.t4,τε,
1.81.t5,χόλον,Acc1.
1.81.t6,γε,
1.81.t7,καὶ,
1.81.t8,αὐτῆμαρ,
1.81.t9,καταπέψῃ,Aor12.;Subj7.
1.82.t1,ἀλλά,
1.82.t2,τε,
1.82.t3,καὶ,
1.82.t4,μετόπισθεν,
1.82.t5,ἔχει,Pres.
1.82.t6,κότον,Acc1.
1.82.t7,ὄφρα,
1.82.t8,τελέσσῃ,Aor12.;Subj7.
1.83.t1,ἐν,Prep3.
1.83.t2,στήθεσσιν,GBP.
1.83.t3,ἑοῖσι,Agr.
1.83.t4,σὺ,
1.83.t5,δὲ,
1.83.t6,φράσαι,Aor12.;Impr1.;Mid.
1.83.t7,εἴ,
1.83.t8,με,Acc1.
1.83.t9,σαώσεις,Aor12.;Subj7.
1.84.t1,τὸν,Acc1.
1.84.t2,δ',
1.84.t3,ἀπαμειβόμενος,Pres6.
1.84.t4,προσέφη,Impf1.
1.84.t5,πόδας,Acc4.
1.84.t6,ὠκὺς,Agr.
1.84.t7,Ἀχιλλεύς,Nom1.
1.85.t1,θαρσήσας,Aor12.
1.85.t2,μάλα,
1.85.t3,εἰπὲ,Aor12.;Impr1.
1.85.t4,θεοπρόπιον,Acc1.
1.85.t5,ὅ,Acc1.
1.85.t6,τι,Agr.
1.85.t7,οἶσθα,Perf.
1.86.t1,οὐ,
1.86.t2,μὰ,
1.86.t3,γὰρ,
1.86.t4,Ἀπόλλωνα,Acc9.
1.86.t5,Διῒ,Dat14.
1.86.t6,φίλον,Agr.
1.86.t7,ᾧ,Dat1.
1.86.t8,τε,
1.86.t9,σὺ,Nom1.
1.86.t10,Κάλχαν,Voc1.
1.87.t1,εὐχόμενος,Pres6.
1.87.t2,Δαναοῖσι,Dat1.
1.87.t3,θεοπροπίας,Acc1.
1.87.t4,ἀναφαίνεις,Pres.
1.88.t1,οὔ,
1.88.t2,τις,Nom1.
1.88.t3,ἐμεῦ,Agr.
1.88.t4,ζῶντος,Partic3.
1.88.t5,καὶ,
1.88.t6,ἐπὶ,Prep3.
1.88.t7,χθονὶ,GBP.
1.88.t8,δερκομένοιο,Partic3.
1.89.t1,σοὶ,Dat1.
1.89.t2,κοίλῃς,Agr.
1.89.t3,παρὰ,Prep3.
1.89.t4,νηυσί,GBP.
1.89.t5,βαρείας,Agr.
1.89.t6,χεῖρας,Acc1.
1.89.t7,ἐποίσει,Fut.
1.90.t1,συμπάντων,Agr.
1.90.t2,Δαναῶν,Gen2.
1.90.t3,οὐ,
1.90.t4,ἢν,
1.90.t5,Ἀγαμέμνονα,Acc1.
1.90.t6,εἴπῃς,Aor12.;Subj.
1.91.t1,ὃς,Nom1.
1.91.t2,νῦν,
1.91.t3,πολλὸν,Acc8.
1.91.t4,ἄριστος,Nom2.
1.91.t5,Ἀχαιῶν,Gen13.
1.91.t6,εὔχεται,Pres.;Mid.
1.91.t7,εἶναι,Pres6.;Inf2.
1.92.t1,καὶ,
1.92.t2,τότε,
1.92.t3,δὴ,
1.92.t4,θάρσησε,Aor.
1.92.t5,καὶ,
1.92.t6,ηὔδα,Impf1.
1.92.t7,μάντις,Nom1.
1.92.t8,ἀμύμων,Agr.
1.93.t1,οὔ,
1.93.t2,τ',
1.93.t3,ἄρ,
1.93.t4,ὅ,Nom1.
1.93.t5,γ',
1.93.t6,εὐχωλῆς,Gen17.
1.93.t7,ἐπιμέμφεται,Pres.;Mid.;.?.
1.93.t8,οὐ,
1.93.t9,ἑκατόμβης,Gen17.
1.94.t1,ἀλλ',
1.94.t2,ἕνεκ',Prep1.
1.94.t3,ἀρητῆρος,GBP.
1.94.t4,ὃν,Acc1.
1.94.t5,ἠτίμησ',Aor2.
1.94.t6,Ἀγαμέμνων,Nom1.
1.95.t1,οὐ,
1.95.t2,ἀπέλυσε,Aor2.
1.95.t3,θύγατρα,Acc1.
1.95.t4,καὶ,
1.95.t5,οὐκ,
1.95.t6,ἀπεδέξατ',Aor2.;Mid1.
1.95.t7,ἄποινα,Acc1.
1.96.t1,τοὔνεκ',
1.96.t2,ἄρ',
1.96.t3,ἄλγε',Acc1.
1.96.t4,ἔδωκεν,Aor2.
1.96.t5,ἑκηβόλος,Nom1.
1.96.t6,ἠδ',
1.96.t7,ἔτι,
1.96.t8,δώσει,Fut.
1.97.t1,οὐ,
1.97.t2,ὅ,Nom1.
1.97.t3,γε,
1.97.t4,πρὶν,
1.97.t5,Δαναοῖσιν,Dat3.
1.97.t6,ἀεικέα,Agr.
1.97.t7,λοιγὸν,Acc1.
1.97.t8,ἀπώσει,Fut.
1.98.t1,πρίν,
1.98.t2,γ',
1.98.t3,ἀπὸ,
1.98.t4,πατρὶ,Dat1.
1.98.t5,φίλῳ,Agr.
1.98.t6,δόμεναι,Aor12.;Infin.
1.98.t7,ἑλικώπιδα,Agr.
1.98.t8,κούρην,Acc1.
1.99.t1,ἀπριάτην,Acc8.
1.99.t2,ἀνάποινον,Acc8.
1.99.t3,ἄγειν,Pres6.;Infin.
1.99.t4,θ',
1.99.t5,ἱερὴν,Agr.
1.99.t6,ἑκατόμβην,Acc1.
1.100.t1,ἐς,Prep4.
1.100.t2,Χρύσην,GBP.
1.100.t3,τότε,
1.100.t4,κέν,
1.100.t5,μιν,Acc1.
1.100.t6,ἱλασσάμενοι,Aor12.;Partic.;Mid.
1.100.t7,πεπίθοιμεν,Aor12.;Opt.
1.101.t1,ἤτοι,
1.101.t2,ὅ,Nom1.
1.101.t3,γ',
1.101.t4,ὣς,
1.101.t5,εἰπὼν,Aor12.;Partic.
1.101.t6,κατ',
1.101.t7,ἄρ',
1.101.t8,ἕζετο,Aor2.;Mid.
1.101.t9,τοῖσι,Dat12.
1.101.t10,δ',
1.101.t11,ἀνέστη,Aor2.
1.102.t1,ἥρως,Agr.
1.102.t2,Ἀτρεΐδης,Agr.
1.102.t3,εὐρὺ,Acc6.
1.102.t4,κρείων,Agr.
1.102.t5,Ἀγαμέμνων,Nom1.
1.103.t1,ἀχνύμενος,Pres6.
1.103.t2,μένεος,Gen5.
1.103.t3,δὲ,
1.103.t4,μέγα,Acc8.
1.103.t5,φρένες,Nom1.
1.103.t6,ἀμφιμέλαιναι,Agr.
1.104.t1,πίμπλαντ',Impf1.;Mid.
1.104.t2,ὄσσε,Nom1.
1.104.t3,δέ,
1.104.t4,οἱ,Dat2.
1.104.t5,πυρὶ,Dat1.
1.104.t6,λαμπετόωντι,Pres6.
1.104.t7,ἐΐκτην,Pluperf.
1.105.t1,Κάλχαντα,Acc1.
1.105.t2,πρώτιστα,Acc8.
1.105.t3,κάκ',Acc8.
1.105.t4,ὀσσόμενος,Pres6.;Partic.;Mid.
1.105.t5,προσέειπε,Aor2.
1.106.t1,μάντι,Voc1.
1.106.t2,κακῶν,Gen8.
1.106.t3,οὐ,
1.106.t4,πώ,
1.106.t5,ποτέ,
1.106.t6,μοι,Dat1.
1.106.t7,τὸ,Agr.
1.106.t8,κρήγυον,Acc1.
1.106.t9,εἶπας,Aor.
1.107.t1,αἰεί,
1.107.t2,τοι,Dat14.
1.107.t3,τὰ,Agr.
1.107.t4,κάκ',Nom1.
1.107.t5,ἐστὶ,Pres.
1.107.t6,φίλα,Nom2.
1.107.t7,φρεσὶ,Dat12.
1.107.t8,μαντεύεσθαι,Pres6.;Infin.;Mid6.
1.108.t1,ἐσθλὸν,Agr.
1.108.t2,δ',
1.108.t3,οὔτέ,
1.108.t4,τί,Agr.
1.108.t5,πω,
1.108.t6,εἶπας,Aor.
1.108.t7,ἔπος,Acc1.
1.108.t8,οὔ,
1.108.t9,ἐτέλεσσας,Aor.
1.109.t1,καὶ,
1.109.t2,νῦν,
1.109.t3,ἐν,Prep3.
1.109.t4,Δαναοῖσι,GBP.
1.109.t5,θεοπροπέων,Pres6.;Partic.
1.109.t6,ἀγορεύεις,Pres6.
1.110.t1,ὡς,
1.110.t2,δὴ,
1.110.t3,τοῦδ',GBP.
1.110.t4,ἕνεκά,Prep1.
1.110.t5,σφιν,
1.110.t6,ἑκηβόλος,Nom1.
1.110.t7,ἄλγεα,Acc1.
1.110.t8,τεύχει,Pres6.
1.111.t1,οὕνεκ',
1.111.t2,ἐγὼ,Nom1.
1.111.t3,κούρης,Gen1.
1.111.t4,Χρυσηΐδος,Agr.
1.111.t5,ἀγλά',Agr.
1.111.t6,ἄποινα,Acc1.
1.112.t1,οὐκ,
1.112.t2,ἔθελον,Impf1.
1.112.t3,δέξασθαι,Aor12.;Inf2.;Mid1.
1.112.t4,ἐπεὶ,
1.112.t5,πολὺ,Acc8.
1.112.t6,βούλομαι,Pres.;Mid.
1.112.t7,αὐτὴν,Acc1.
1.113.t1,οἴκοι,
1.113.t2,ἔχειν,
1.113.t3,καὶ,
1.113.t4,γάρ,
1.113.t5,ῥα,
1.113.t6,Κλυταιμνήστρης,Gen10.
1.113.t7,προβέβουλα,Perf.
1.114.t1,κουριδίης,Agr.
1.114.t2,ἀλόχου,Gen10.
1.114.t3,ἐπεὶ,
1.114.t4,οὔ,
1.114.t5,ἑθέν,Gen13.
1.114.t6,ἐστι,Pres.
1.114.t7,χερείων,Nom2.
1.115.t1,οὐ,
1.115.t2,δέμας,Acc4.
1.115.t3,οὐ,
1.115.t4,φυήν,Acc4.
1.115.t5,οὔ,
1.115.t6,ἂρ,
1.115.t7,φρένας,Acc4.
1.115.t8,οὔτέ,
1.115.t9,τι,Agr.
1.115.t10,ἔργα,Acc4.
1.116.t1,ἀλλὰ,
1.116.t2,καὶ,
1.116.t3,ὧς,
1.116.t4,ἐθέλω,Pres6.
1.116.t5,δόμεναι,Aor12.;Infin.
1.116.t6,πάλιν,
1.116.t7,εἰ,
1.116.t8,τό,Nom1.
1.116.t9,γ',
1.116.t10,ἄμεινον,Nom2.
1.117.t1,βούλομ',Pres.;Mid.
1.117.t2,ἐγὼ,Nom1.
1.117.t3,λαὸν,Acc3.
1.117.t4,σῶν,Acc10.
1.117.t5,ἔμμεναι,Pres6.;Inf2.
1.117.t6,ἢ,
1.117.t7,ἀπολέσθαι,Aor12.;Inf2.;Mid.
1.118.t1,αὐτὰρ,
1.118.t2,ἐμοὶ,Dat1.
1.118.t3,γέρας,Acc1.
1.118.t4,αὐτίχ',
1.118.t5,ἑτοιμάσατ',Aor12.;Impr1.
1.118.t6,ὄφρα,
1.118.t7,μὴ,
1.118.t8,οἶος,Agr.
1.119.t1,Ἀργείων,Gen2.
1.119.t2,ἀγέραστος,Nom2.
1.119.t3,ἔω,Pres6.;Subj.
1.119.t4,ἐπεὶ,
1.119.t5,οὐ,
1.119.t6,ἔοικε,Perf.
1.120.t1,λεύσσετε,Pres6.
1.120.t2,γὰρ,
1.120.t3,τό,Acc1.
1.120.t4,γε,
1.120.t5,πάντες,Nom1.
1.120.t6,ὅ,Agr..
1.120.t7,μοι,Dat3.
1.120.t8,γέρας,Nom1.
1.120.t9,ἔρχεται,Pres6.;Mid.
1.120.t10,ἄλλῃ,
1.121.t1,τὸν,Acc1.
1.121.t2,δ',
1.121.t3,ἠμείβετ',Impf1.;Mid6.
1.121.t4,ἔπειτα,
1.121.t5,ποδάρκης,Agr.
1.121.t6,δῖος,Agr.
1.121.t7,Ἀχιλλεύς,Nom1.
1.122.t1,Ἀτρεΐδη,Voc1.
1.122.t2,κύδιστε,Agr.
1.122.t3,φιλοκτεανώτατε,Agr.
1.122.t4,πάντων,Gen2.
1.123.t1,πῶς,
1.123.t2,γάρ,
1.123.t3,τοι,Dat1.
1.123.t4,δώσουσι,Fut4.
1.123.t5,γέρας,Acc1.
1.123.t6,μεγάθυμοι,Agr.
1.123.t7,Ἀχαιοί,Nom1.
1.124.t1,οὐ,
1.124.t2,τί,Acc8.
1.124.t3,που,
1.124.t4,ἴδμεν,Perf.
1.124.t5,ξυνήϊα,Acc1.
1.124.t6,κείμενα,Agr.
1.124.t7,πολλά,Agr.
1.125.t1,ἀλλὰ,
1.125.t2,τὰ,Acc1.
1.125.t3,μὲν,
1.125.t4,πολίων,Gen10.
1.125.t5,ἐξεπράθομεν,Aor2.
1.125.t6,τὰ,Nom1.
1.125.t7,δέδασται,Perf.;Mid1.
1.126.t1,λαοὺς,Acc3.
1.126.t2,δ',
1.126.t3,οὐκ,
1.126.t4,ἐπέοικε,Perf.
1.126.t5,παλίλλογα,Acc1.
1.126.t6,ταῦτ',Agr.
1.126.t7,ἐπαγείρειν,Pres6.;Inf1.
1.127.t1,ἀλλὰ,
1.127.t2,σὺ,Nom1.
1.127.t3,μὲν,
1.127.t4,νῦν,
1.127.t5,τήνδε,Acc1.
1.127.t6,θεῷ,Dat1.
1.127.t7,πρόες,Aor12.;Impr1.
1.127.t8,αὐτὰρ,
1.127.t9,Ἀχαιοὶ,Nom1.
1.128.t1,τριπλῇ,Dat7.
1.128.t2,τετραπλῇ,Dat7.
1.128.t3,τ',
1.128.t4,ἀποτείσομεν,Fut.
1.128.t5,αἴ,
1.128.t6,κέ,
1.128.t7,ποθι,
1.128.t8,Ζεὺς,Nom1.
1.129.t1,δῷσι,Aor12.;Subj.
1.129.t2,πόλιν,Acc1.
1.129.t3,Τροίην,Agr.
1.129.t4,εὐτείχεον,Agr.
1.129.t5,ἐξαλαπάξαι,Inf2.
1.130.t1,τὸν,Acc1.
1.130.t2,δ',
1.130.t3,ἀπαμειβόμενος,Pres6.;Partic.;Mid.
1.130.t4,προσέφη,Impf1.
1.130.t5,κρείων,Agr.
1.130.t6,Ἀγαμέμνων,Nom1.
1.131.t1,μὴ,
1.131.t2,δ',
1.131.t3,οὕτως,
1.131.t4,ἀγαθός,Nom2.
1.131.t5,περ,
1.131.t6,ἐὼν,Pres6.;Partic.
1.131.t7,θεοείκελ',Agr.
1.131.t8,Ἀχιλλεῦ,Voc1.
1.132.t1,κλέπτε,Pres6.;Imper.
1.132.t2,νόῳ,Dat12.
1.132.t3,ἐπεὶ,
1.132.t4,οὐ,
1.132.t5,παρελεύσεαι,Fut.;Mid.
1.132.t6,οὐ,
1.132.t7,με,Acc1.
1.132.t8,πείσεις,Fut.
1.133.t1,ἦ,
1.133.t2,ἐθέλεις,Pres6.
1.133.t3,ὄφρ',
1.133.t4,αὐτὸς,Nom1.
1.133.t5,ἔχῃς,Pres6.;Subj.
1.133.t6,γέρας,Acc1.
1.133.t7,αὐτὰρ,
1.133.t8,ἔμ',Acc3.
1.133.t9,αὔτως,
1.134.t1,ἧσθαι,Perf.;Inf2.;Mid.
1.134.t2,δευόμενον,Agr.
1.134.t3,κέλεαι,Pres6.;Mid.
1.134.t4,δέ,
1.134.t5,με,Acc3.
1.134.t6,τήνδ',Acc1.
1.134.t7,ἀποδοῦναι,Aor.;Inf.
1.135.t1,ἀλλ',
1.135.t2,εἰ,
1.135.t3,μὲν,
1.135.t4,δώσουσι,Fut.
1.135.t5,γέρας,Acc1.
1.135.t6,μεγάθυμοι,Agr.
1.135.t7,Ἀχαιοὶ,Nom1.
1.136.t1,ἄρσαντες,Aor12.;Partic.
1.136.t2,κατὰ,Prep3.
1.136.t3,θυμὸν,GBP.
1.136.t4,ὅπως,
1.136.t5,ἀντάξιον,Nom2.
1.136.t6,ἔσται,Fut.;Mid.
1.137.t1,εἰ,
1.137.t2,δέ,
1.137.t3,κε,
1.137.t4,μὴ,
1.137.t5,δώωσιν,Aor12.;Subj.
1.137.t6,ἐγὼ,Nom1.
1.137.t7,δέ,
1.137.t8,κεν,
1.137.t9,αὐτὸς,Agr.
1.137.t10,ἕλωμαι,Aor12.;Subj.;Mid.
1.138.t1,ἢ,
1.138.t2,τεὸν,Agr.
1.138.t3,ἢ,
1.138.t4,Αἴαντος,Gen1.
1.138.t5,ἰὼν,Pres.;Partic.
1.138.t6,γέρας,Acc1.
1.138.t7,ἢ,
1.138.t8,Ὀδυσῆος,Gen1.
1.139.t1,ἄξω,Fut.
1.139.t2,ἑλών,Aor12.;Partic.
1.139.t3,ὃ,Nom1.
1.139.t4,δέ,
1.139.t5,κεν,
1.139.t6,κεχολώσεται,Perf.;Mid.
1.139.t7,ὅν,Acc1.
1.139.t8,κεν,
1.139.t9,ἵκωμαι,Aor12.;Subj.;Mid.
1.140.t1,ἀλλ',
1.140.t2,ἤτοι,
1.140.t3,μὲν,
1.140.t4,ταῦτα,Acc1.
1.140.t5,μεταφρασόμεσθα,Fut.;Mid6.
1.140.t6,καὶ,
1.140.t7,αὖτις,
1.141.t1,νῦν,
1.141.t2,δ',
1.141.t3,ἄγε,
1.141.t4,νῆα,Acc1.
1.141.t5,μέλαιναν,Agr.
1.141.t6,ἐρύσσομεν,Aor12.;Subj.
1.141.t7,εἰς,Prep3.
1.141.t8,ἅλα,GBP.
1.141.t9,δῖαν,Agr.
1.142.t1,ἐν,
1.142.t2,δ',
1.142.t3,ἐρέτας,Acc1.
1.142.t4,ἐπιτηδὲς,
1.142.t5,ἀγείρομεν,Aor12.;Subj.
1.142.t6,ἐς,
1.142.t7,δ',
1.142.t8,ἑκατόμβην,Acc1.
1.143.t1,θείομεν,Aor12.;Subj.
1.143.t2,ἂν,
1.143.t3,δ',
1.143.t4,αὐτὴν,Agr.
1.143.t5,Χρυσηΐδα,Acc1.
1.143.t6,καλλιπάρῃον,Agr.
1.144.t1,βήσομεν,Aor12.;Subj.
1.144.t2,εἷς,Agr.
1.144.t3,δέ,
1.144.t4,τις,Agr.
1.144.t5,ἀρχὸς,Nom1.
1.144.t6,ἀνὴρ,Nom2.
1.144.t7,βουληφόρος,Agr.
1.144.t8,ἔστω,Pres6.;Impr1.
1.145.t1,ἢ,
1.145.t2,Αἴας,Nom1.
1.145.t3,ἢ,
1.145.t4,Ἰδομενεὺς,Nom1.
1.145.t5,ἢ,
1.145.t6,δῖος,Agr.
1.145.t7,Ὀδυσσεὺς,Nom1.
1.146.t1,ἠὲ,
1.146.t2,σὺ,Nom1.
1.146.t3,Πηλεΐδη,Voc1.
1.146.t4,πάντων,Agr.
1.146.t5,ἐκπαγλότατ',Agr.
1.146.t6,ἀνδρῶν,Gen13.
1.147.t1,ὄφρ',
1.147.t2,ἥμιν,Dat1.
1.147.t3,ἑκάεργον,Acc1.
1.147.t4,ἱλάσσεαι,Aor12.;Subj.;Mid.
1.147.t5,ἱερὰ,Acc1.
1.147.t6,ῥέξας,Aor12.;Partic.
1.148.t1,τὸν,Acc1.
1.148.t2,δ',
1.148.t3,ἄρ',
1.148.t4,ὑπόδρα,
1.148.t5,ἰδὼν,Aor12.;Partic.
1.148.t6,προσέφη,Impf1.
1.148.t7,πόδας,Acc4.
1.148.t8,ὠκὺς,Agr.
1.148.t9,Ἀχιλλεύς,Nom1.
1.149.t1,ὤ,
1.149.t2,μοι,Dat3.
1.149.t3,ἀναιδείην,Acc1.
1.149.t4,ἐπιειμένε,Perf.;Partic.
1.149.t5,κερδαλεόφρον,Voc1.
1.150.t1,πῶς,
1.150.t2,τίς,Nom1.
1.150.t3,τοι,Dat2.
1.150.t4,πρόφρων,
1.150.t5,ἔπεσιν,Dat1.
1.150.t6,πείθηται,Pres.;Subj.;Mid.
1.150.t7,Ἀχαιῶν,Gen2.
1.151.t1,ἢ,
1.151.t2,ὁδὸν,Acc1.
1.151.t3,ἐλθέμεναι,Aor.;Infin.
1.151.t4,ἢ,
1.151.t5,ἀνδράσιν,Dat1.
1.151.t6,ἶφι,
1.151.t7,μάχεσθαι,Pres6.;Infin.;Mid6.
1.152.t1,οὐ,
1.152.t2,γὰρ,
1.152.t3,ἐγὼ,Nom1.
1.152.t4,Τρώων,Agr.
1.152.t5,ἕνεκ',Prep.
1.152.t6,ἤλυθον,Aor2.
1.152.t7,αἰχμητάων,GBP.
1.153.t1,δεῦρο,
1.153.t2,μαχησόμενος,Fut.;Partic.;Mid6.
1.153.t3,ἐπεὶ,
1.153.t4,οὔ,
1.153.t5,τί,Acc8.
1.153.t6,μοι,Dat14.
1.153.t7,αἴτιοί,Nom2.
1.153.t8,εἰσιν,Pres6.
1.154.t1,οὐ,
1.154.t2,γὰρ,
1.154.t3,πώποτ',
1.154.t4,ἐμὰς,Agr.
1.154.t5,βοῦς,Acc1.
1.154.t6,ἤλασαν,Aor.
1.154.t7,οὐ,
1.154.t8,μὲν,
1.154.t9,ἵππους,Acc1.
1.155.t1,οὐ,
1.155.t2,ποτ',
1.155.t3,ἐν,Prep3.
1.155.t4,Φθίῃ,GBP.
1.155.t5,ἐριβώλακι,Agr.
1.155.t6,βωτιανείρῃ,Agr.
1.156.t1,καρπὸν,Acc1.
1.156.t2,ἐδηλήσαντ',Aor.;Mid.
1.156.t3,ἐπεὶ,
1.156.t4,ἦ,
1.156.t5,μάλα,
1.156.t6,πολλὰ,Nom1.
1.156.t7,μεταξὺ,
1.157.t1,οὔρεά,Nom1.
1.157.t2,τε,
1.157.t3,σκιόεντα,Agr.
1.157.t4,θάλασσά,Nom1.
1.157.t5,τε,
1.157.t6,ἠχήεσσα,Agr.
1.158.t1,ἀλλὰ,
1.158.t2,σοὶ,Dat1.
1.158.t3,ὦ,
1.158.t4,μέγ',Acc8.
1.158.t5,ἀναιδὲς,Voc1.
1.158.t6,ἅμ',
1.158.t7,ἑσπόμεθ',Aor.;Mid.
1.158.t8,ὄφρα,
1.158.t9,σὺ,Nom1.
1.158.t10,χαίρῃς,Pres6.;Subj.
1.159.t1,τιμὴν,Acc1.
1.159.t2,ἀρνύμενοι,Pres6.;Partic.;Mid.
1.159.t3,Μενελάῳ,Dat3.
1.159.t4,σοί,Dat3.
1.159.t5,τε,
1.159.t6,κυνῶπα,Voc1.
1.160.t1,πρὸς,Prep1.
1.160.t2,Τρώων,GBP.
1.160.t3,τῶν,Gen10.
1.160.t4,οὔ,
1.160.t5,τι,Acc4.
1.160.t6,μετατρέπῃ,Pres.;Mid.
1.160.t7,οὐ,
1.160.t8,ἀλεγίζεις,Pres6.
1.161.t1,καὶ,
1.161.t2,δή,
1.161.t3,μοι,Dat2.
1.161.t4,γέρας,Acc1.
1.161.t5,αὐτὸς,Nom1.
1.161.t6,ἀφαιρήσεσθαι,Fut.;Infin.;Mid1.
1.161.t7,ἀπειλεῖς,Pres6.
1.162.t1,ᾧ,GBP.
1.162.t2,ἔπι,Prep.
1.162.t3,πολλὰ,Acc8.
1.162.t4,μόγησα,Aor.
1.162.t5,δόσαν,Aor2.
1.162.t6,δέ,
1.162.t7,μοι,Dat1.
1.162.t8,υἷες,Nom1.
1.162.t9,Ἀχαιῶν,Gen2.
1.163.t1,οὐ,
1.163.t2,μὲν,
1.163.t3,σοί,Dat2.
1.163.t4,ποτε,
1.163.t5,ἶσον,Acc8.
1.163.t6,ἔχω,Pres4.
1.163.t7,γέρας,Acc1.
1.163.t8,ὁππότ',
1.163.t9,Ἀχαιοὶ,Nom1.
1.164.t1,Τρώων,Gen1.
1.164.t2,ἐκπέρσωσ',Aor12.;Subj.
1.164.t3,εὖ,
1.164.t4,ναιόμενον,Agr.
1.164.t5,πτολίεθρον,Acc1.
1.165.t1,ἀλλὰ,
1.165.t2,τὸ,Agr.
1.165.t3,μὲν,
1.165.t4,πλεῖον,Acc1.
1.165.t5,πολυάϊκος,
1.165.t6,πολέμοιο,Gen11.
1.166.t1,χεῖρες,Nom1.
1.166.t2,ἐμαὶ,Agr.
1.166.t3,διέπουσ',Pres6.
1.166.t4,ἀτὰρ,
1.166.t5,ἤν,
1.166.t6,ποτε,
1.166.t7,δασμὸς,Nom1.
1.166.t8,ἵκηται,Aor12.;Subj.;Mid.
1.167.t1,σοὶ,Dat2.
1.167.t2,τὸ,Agr.
1.167.t3,γέρας,Nom1.
1.167.t4,πολὺ,Acc8.
1.167.t5,μεῖζον,Nom2.
1.167.t6,ἐγὼ,Nom1.
1.167.t7,δ',
1.167.t8,ὀλίγον,Acc8.
1.167.t9,τε,
1.167.t10,φίλον,Acc8.
1.167.t11,τε,
1.168.t1,ἔρχομ',Pres6.;Mid.
1.168.t2,ἔχων,Pres6.;Partic.
1.168.t3,ἐπὶ,Prep3.
1.168.t4,νῆας,GBP.
1.168.t5,ἐπεί,
1.168.t6,κε,
1.168.t7,κάμω,Aor12.;Subj.
1.168.t8,πολεμίζων,Pres6.;Partic.
1.169.t1,νῦν,
1.169.t2,δ',
1.169.t3,εἶμι,Pres4.
1.169.t4,Φθίην,Acc7.
1.169.t5,δ',
1.169.t6,ἐπεὶ,
1.169.t7,ἦ,
1.169.t8,πολὺ,Acc8.
1.169.t9,φέρτερόν,Nom2.
1.169.t10,ἐστιν,Pres.
1.170.t1,οἴκαδ',
1.170.t2,ἴμεν,
1.170.t3,σὺν,Prep1.
1.170.t4,νηυσὶ,GBP.
1.170.t5,κορωνίσιν,Agr.
1.170.t6,οὐ,
1.170.t7,σ',Dat3.
1.170.t8,ὀΐω,Pres6.
1.171.t1,ἐνθάδ',
1.171.t2,ἄτιμος,Nom2.
1.171.t3,ἐὼν,Pres6.;Partic.
1.171.t4,ἄφενος,Acc1.
1.171.t5,καὶ,
1.171.t6,πλοῦτον,Acc1.
1.171.t7,ἀφύξειν,Perf.;Infin.
1.172.t1,τὸν,Acc1.
1.172.t2,δ',
1.172.t3,ἠμείβετ',Impf1.;Mid6.
1.172.t4,ἔπειτα,
1.172.t5,ἄναξ,Agr.
1.172.t6,ἀνδρῶν,Gen8.
1.172.t7,Ἀγαμέμνων,Nom1.
1.173.t1,φεῦγε,Pres6.;Impr1.
1.173.t2,μάλ',
1.173.t3,εἴ,
1.173.t4,τοι,Dat2.
1.173.t5,θυμὸς,Nom1.
1.173.t6,ἐπέσσυται,Pres6.;Mid.
1.173.t7,οὐ,
1.173.t8,σ',Acc1.
1.173.t9,ἔγωγε,Nom1.
1.174.t1,λίσσομαι,Impf1.;Mid.
1.174.t2,εἵνεκ',Prep1.
1.174.t3,ἐμεῖο,GBP.
1.174.t4,μένειν,Pres6.
1.174.t5,πάρ',Prep3.
1.174.t6,ἔμοιγε,GBP.
1.174.t7,καὶ,
1.174.t8,ἄλλοι,Nom1.
1.175.t1,οἵ,Nom1.
1.175.t2,κέ,
1.175.t3,με,Acc1.
1.175.t4,τιμήσουσι,Aor12.;Subj.
1.175.t5,μάλιστα,
1.175.t6,δὲ,
1.175.t7,μητίετα,Agr.
1.175.t8,Ζεύς,Nom1.
1.176.t1,ἔχθιστος,Nom2.
1.176.t2,δέ,
1.176.t3,μοί,Dat14.
1.176.t4,ἐσσι,Pres6.
1.176.t5,διοτρεφέων,Agr.
1.176.t6,βασιλήων,Gen13.
1.177.t1,αἰεὶ,
1.177.t2,γάρ,
1.177.t3,τοι,Dat14.
1.177.t4,ἔρις,Nom1.
1.177.t5,τε,
1.177.t6,φίλη,Nom2.
1.177.t7,πόλεμοί,Nom1.
1.177.t8,τε,
1.177.t9,μάχαι,Nom1.
1.177.t10,τε,
1.178.t1,εἰ,
1.178.t2,μάλα,
1.178.t3,καρτερός,Nom2.
1.178.t4,ἐσσι,Pres6.
1.178.t5,θεός,Nom1.
1.178.t6,που,
1.178.t7,σοὶ,Dat1.
1.178.t8,τό,Acc1.
1.178.t9,γ',
1.178.t10,ἔδωκεν,Aor.
1.179.t1,οἴκαδ',
1.179.t2,ἰὼν,Pres6.;Partic.
1.179.t3,σὺν,Prep1.
1.179.t4,νηυσί,GBP.
1.179.t5,τε,
1.179.t6,σῇς,Agr.
1.179.t7,καὶ,
1.179.t8,σοῖς,Agr.
1.179.t9,ἑτάροισι,GBP.
1.180.t1,Μυρμιδόνεσσιν,Dat1.
1.180.t2,ἄνασσε,Pres6.;Impr1.
1.180.t3,σέθεν,Gen10.
1.180.t4,δ',
1.180.t5,ἐγὼ,Nom1.
1.180.t6,οὐκ,
1.180.t7,ἀλεγίζω,Pres6.
1.181.t1,οὐ,
1.181.t2,ὄθομαι,Pres6.;Mid.
1.181.t3,κοτέοντος,Gen10.
1.181.t4,ἀπειλήσω,Fut.
1.181.t5,δέ,
1.181.t6,τοι,Dat1.
1.181.t7,ὧδε,
1.182.t1,ὡς,
1.182.t2,ἔμ',Acc10.
1.182.t3,ἀφαιρεῖται,Pres6.;Mid1.
1.182.t4,Χρυσηΐδα,Acc1.
1.182.t5,Φοῖβος,Agr.
1.182.t6,Ἀπόλλων,Nom1.
1.183.t1,τὴν,Acc1.
1.183.t2,μὲν,
1.183.t3,ἐγὼ,Nom1.
1.183.t4,σὺν,Prep1.
1.183.t5,νηΐ,GBP.
1.183.t6,τ',
1.183.t7,ἐμῇ,Agr.
1.183.t8,καὶ,
1.183.t9,ἐμοῖς,Agr.
1.183.t10,ἑτάροισι,GBP.
1.184.t1,πέμψω,Fut.
1.184.t2,ἐγὼ,Nom1.
1.184.t3,δέ,
1.184.t4,κ',
1.184.t5,ἄγω,Pres6.;Subj.
1.184.t6,Βρισηΐδα,Acc1.
1.184.t7,καλλιπάρῃον,Agr.
1.185.t1,αὐτὸς,Nom1.
1.185.t2,ἰὼν,Pres6.;Partic.;Mid.
1.185.t3,κλισίην,Acc7.
1.185.t4,δὲ,
1.185.t5,τὸ,Agr.
1.185.t6,σὸν,Agr.
1.185.t7,γέρας,Acc1.
1.185.t8,ὄφρ',
1.185.t9,ἐῢ,
1.185.t10,εἰδῇς,Perf.;Subj.
1.186.t1,ὅσσον,Acc8.
1.186.t2,φέρτερός,Nom2.
1.186.t3,εἰμι,Pres6.
1.186.t4,σέθεν,Gen13.
1.186.t5,στυγέῃ,Pres6.;Subj.
1.186.t6,δὲ,
1.186.t7,καὶ,
1.186.t8,ἄλλος,Nom1.
1.187.t1,ἶσον,Acc8.
1.187.t2,ἐμοὶ,Dat7.
1.187.t3,φάσθαι,Pres6.;Infin.;Mid.
1.187.t4,καὶ,
1.187.t5,ὁμοιωθήμεναι,Aor12.;Infin.
1.187.t6,ἄντην,
1.188.t1,ὣς,
1.188.t2,φάτο,Aor2.;Mid6.
1.188.t3,Πηλεΐωνι,Dat1.
1.188.t4,δ',
1.188.t5,ἄχος,Nom1.
1.188.t6,γένετ',Aor2.;Mid.
1.188.t7,ἐν,Prep3.
1.188.t8,δέ,
1.188.t9,οἱ,Dat2.
1.188.t10,ἦτορ,Nom1.
1.189.t1,στήθεσσιν,Dat12.
1.189.t2,λασίοισι,Agr.
1.189.t3,διάνδιχα,
1.189.t4,μερμήριξεν,Aor2.
1.190.t1,ἢ,
1.190.t2,ὅ,Nom1.
1.190.t3,γε,
1.190.t4,φάσγανον,Acc1.
1.190.t5,ὀξὺ,Agr.
1.190.t6,ἐρυσσάμενος,Aor12.;Partic.;Mid1.
1.190.t7,παρὰ,Prep3.
1.190.t8,μηροῦ,GBP.
1.191.t1,τοὺς,Acc1.
1.191.t2,μὲν,
1.191.t3,ἀναστήσειεν,Aor12.
1.191.t4,ὃ,Nom1.
1.191.t5,δ',
1.191.t6,Ἀτρεΐδην,Acc1.
1.191.t7,ἐναρίζοι,
1.192.t1,ἦε,
1.192.t2,χόλον,Acc1.
1.192.t3,παύσειεν,Aor12.
1.192.t4,ἐρητύσειέ,Aor12.
1.192.t5,τε,
1.192.t6,θυμόν,Acc1.
1.193.t1,ἧος,
1.193.t2,ὃ,Nom1.
1.193.t3,ταῦθ',Acc1.
1.193.t4,ὥρμαινε,Impf1.
1.193.t5,κατὰ,Prep3.
1.193.t6,φρένα,GBP.
1.193.t7,καὶ,
1.193.t8,κατὰ,Prep3.
1.193.t9,θυμόν,GBP.
1.194.t1,ἕλκετο,Impf1.;Mid1.
1.194.t2,δ',
1.194.t3,ἐκ,Prep3.
1.194.t4,κολεοῖο,GBP.
1.194.t5,μέγα,Agr.
1.194.t6,ξίφος,Acc1.
1.194.t7,ἦλθε,Aor2.
1.194.t8,δ',
1.194.t9,Ἀθήνη,Nom1.
1.195.t1,οὐρανόθεν,
1.195.t2,πρὸ,
1.195.t3,γὰρ,
1.195.t4,ἧκε,Aor2.
1.195.t5,θεὰ,Agr.
1.195.t6,λευκώλενος,Agr.
1.195.t7,Ἥρη,Nom1.
1.196.t1,ἄμφω,Acc1.
1.196.t2,ὁμῶς,
1.196.t3,θυμῷ,Dat12.
1.196.t4,φιλέουσά,Pres6.;Partic.
1.196.t5,τε,
1.196.t6,κηδομένη,Pres6.;Partic.;Mid.
1.196.t7,τε,
1.197.t1,στῆ,Aor2.
1.197.t2,δ',
1.197.t3,ὄπιθεν,
1.197.t4,ξανθῆς,Agr.
1.197.t5,δὲ,
1.197.t6,κόμης,Gen2.
1.197.t7,ἕλε,Aor2.
1.197.t8,Πηλεΐωνα,Acc1.
1.198.t1,οἴῳ,
1.198.t2,φαινομένη,Pres6.;Partic.;Mid.
1.198.t3,τῶν,Agr.
1.198.t4,δ',
1.198.t5,ἄλλων,Gen2.
1.198.t6,οὔ,
1.198.t7,τις,Nom1.
1.198.t8,ὁρᾶτο,Impf1.;Mid.
1.199.t1,θάμβησεν,Aor.
1.199.t2,δ',
1.199.t3,Ἀχιλεύς,Nom1.
1.199.t4,μετὰ,
1.199.t5,δ',
1.199.t6,ἐτράπετ',Aor2.;Mid.
1.199.t7,αὐτίκα,
1.199.t8,δ',
1.199.t9,ἔγνω,Aor2.
1.200.t1,Παλλάδ',Agr.
1.200.t2,Ἀθηναίην,Acc1.
1.200.t3,δεινὼ,Agr.
1.200.t4,δέ,
1.200.t5,οἱ,Dat2.
1.200.t6,ὄσσε,Nom1.
1.200.t7,φάανθεν,Aor2.
1.201.t1,καί,
1.201.t2,μιν,Acc1.
1.201.t3,φωνήσας,Aor12.;Partic.
1.201.t4,ἔπεα,Acc8.
1.201.t5,πτερόεντα,Agr.
1.201.t6,προσηύδα,Impf1.
1.202.t1,τίπτ',
1.202.t2,αὖτ',
1.202.t3,αἰγιόχοιο,Agr.
1.202.t4,Διὸς,Gen1.
1.202.t5,τέκος,Voc1.
1.202.t6,εἰλήλουθας,Perf.
1.203.t1,ἦ,
1.203.t2,ἵνα,
1.203.t3,ὕβριν,Acc1.
1.203.t4,ἴδῃ,Aor12.;Subj.;Mid.
1.203.t5,Ἀγαμέμνονος,Gen7.
1.203.t6,Ἀτρεΐδαο,Agr.
1.204.t1,ἀλλ',
1.204.t2,ἔκ,
1.204.t3,τοι,GBP.
1.204.t4,ἐρέω,Fut.
1.204.t5,τὸ,Acc3.
1.204.t6,δὲ,
1.204.t7,καὶ,
1.204.t8,τελέεσθαι,Fut.;Infin.;Mid.
1.204.t9,ὀΐω,Pres6.
1.205.t1,ᾗς,Agr.
1.205.t2,ὑπεροπλίῃσι,Dat9.
1.205.t3,τάχ',
1.205.t4,ἄν,
1.205.t5,ποτε,
1.205.t6,θυμὸν,Acc1.
1.205.t7,ὀλέσσῃ,Aor12.;Subj.
1.206.t1,τὸν,Acc1.
1.206.t2,δ',
1.206.t3,αὖτε,
1.206.t4,προσέειπε,Aor2.
1.206.t5,θεὰ,Agr.
1.206.t6,γλαυκῶπις,Agr.
1.206.t7,Ἀθήνη,Nom1.
1.207.t1,ἦλθον,Aor2.
1.207.t2,ἐγὼ,Nom1.
1.207.t3,παύσουσα,Fut.;Partic.
1.207.t4,τὸ,Agr.
1.207.t5,σὸν,Agr.
1.207.t6,μένος,Acc1.
1.207.t7,αἴ,
1.207.t8,κε,
1.207.t9,πίθηαι,Aor.;Subj.;Mid.
1.208.t1,οὐρανόθεν,
1.208.t2,πρὸ,
1.208.t3,δέ,
1.208.t4,μ',Acc1.
1.208.t5,ἧκε,Aor2.
1.208.t6,θεὰ,Agr.
1.208.t7,λευκώλενος,Agr.
1.208.t8,Ἥρη,Nom1.
1.209.t1,ἄμφω,Acc1.
1.209.t2,ὁμῶς,
1.209.t3,θυμῷ,Dat12.
1.209.t4,φιλέουσά,Pres6.;Partic.
1.209.t5,τε,
1.209.t6,κηδομένη,Pres6.;Partic.;Mid.
1.209.t7,τε,
1.210.t1,ἀλλ',
1.210.t2,ἄγε,
1.210.t3,λῆγ',Pres6.;Impr1.
1.210.t4,ἔριδος,Gen10.
1.210.t5,μη,
1.210.t6,ξίφος,Acc1.
1.210.t7,ἕλκεο,Pres6.;Imper.;Mid1.
1.210.t8,χειρί,Dat12.
1.211.t1,ἀλλ',
1.211.t2,ἤτοι,
1.211.t3,ἔπεσιν,Dat8.
1.211.t4,μὲν,
1.211.t5,ὀνείδισον,Aor12.;Impr1.
1.211.t6,ὡς,
1.211.t7,ἔσεταί,Fut.;Mid.
1.211.t8,περ,
1.212.t1,ὧδε,
1.212.t2,γὰρ,
1.212.t3,ἐξερέω,Fut.
1.212.t4,τὸ,Nom1.
1.212.t5,δὲ,
1.212.t6,καὶ,
1.212.t7,τετελεσμένον,Perf.;Partic.;Mid.
1.212.t8,ἔσται,Fut.;Mid.
1.213.t1,καί,
1.213.t2,ποτέ,
1.213.t3,τοι,Dat2.
1.213.t4,τρὶς,
1.213.t5,τόσσα,Agr.
1.213.t6,παρέσσεται,Fut.;Mid.
1.213.t7,ἀγλαὰ,Agr.
1.213.t8,δῶρα,Nom1.
1.214.t1,ὕβριος,GBP.
1.214.t2,εἵνεκα,Prep1.
1.214.t3,τῆσδε,Agr.
1.214.t4,σὺ,Nom1.
1.214.t5,δ',
1.214.t6,ἴσχεο,Pres6.;Impr1.;Mid.
1.214.t7,πείθεο,Pres6.;Impr1.;Mid.
1.214.t8,δ',
1.214.t9,ἡμῖν,Dat1.
1.215.t1,τὴν,Acc1.
1.215.t2,δ',
1.215.t3,ἀπαμειβόμενος,Pres6.;Partic.;Mid6.
1.215.t4,προσέφη,Impf1.
1.215.t5,πόδας,Acc4.
1.215.t6,ὠκὺς,Agr.
1.215.t7,Ἀχιλλεύς,Nom1.
1.216.t1,χρὴ,Pres6.
1.216.t2,μὲν,
1.216.t3,σφωΐτερόν,Agr.
1.216.t4,γε,
1.216.t5,θεὰ,Voc1.
1.216.t6,ἔπος,Acc1.
1.216.t7,εἰρύσσασθαι,Aor12.;Infin.;Mid.
1.217.t1,καὶ,
1.217.t2,μάλα,
1.217.t3,περ,
1.217.t4,θυμῷ,Dat12.
1.217.t5,κεχολωμένον,Perf.;Partic.;Mid.
1.217.t6,ὧς,
1.217.t7,γὰρ,
1.217.t8,ἄμεινον,Nom2.
1.218.t1,ὅς,Nom1.
1.218.t2,κε,
1.218.t3,θεοῖς,Dat1.
1.218.t4,ἐπιπείθηται,Pres6.;Subj.;Mid.
1.218.t5,μάλα,
1.218.t6,τ',
1.218.t7,ἔκλυον,Aor.
1.218.t8,αὐτοῦ,Gen10.
1.219.t1,ἦ,Impf1.
1.219.t2,καὶ,
1.219.t3,ἐπ',Prep3.
1.219.t4,ἀργυρέῃ,Agr.
1.219.t5,κώπῃ,GBP.
1.219.t6,σχέθε,Aor2.
1.219.t7,χεῖρα,Acc1.
1.219.t8,βαρεῖαν,Agr.
1.220.t1,ἂψ,
1.220.t2,δ',
1.220.t3,ἐς,Prep3.
1.220.t4,κουλεὸν,GBP.
1.220.t5,ὦσε,
1.220.t6,μέγα,Agr.
1.220.t7,ξίφος,Acc1.
1.220.t8,οὐ,
1.220.t9,ἀπίθησε,Aor.
1.221.t1,μύθῳ,Dat1.
1.221.t2,Ἀθηναίης,Gen11.
1.221.t3,ἣ,Nom1.
1.221.t4,δ',
1.221.t5,Οὔλυμπον,Acc1.
1.221.t6,δὲ,
1.221.t7,βεβήκει,Pluperf.
1.222.t1,δώματ',GBP.
1.222.t2,ἐς,Prep3.
1.222.t3,αἰγιόχοιο,Agr.
1.222.t4,Διὸς,Gen1.
1.222.t5,μετὰ,Prep3.
1.222.t6,δαίμονας,GBP.
1.222.t7,ἄλλους,Agr.
1.223.t1,Πηλεΐδης,Nom1.
1.223.t2,δ',
1.223.t3,ἐξαῦτις,
1.223.t4,ἀταρτηροῖς,Agr.
1.223.t5,ἐπέεσσιν,Dat8.
1.224.t1,Ἀτρεΐδην,Acc1.
1.224.t2,προσέειπε,Aor2.
1.224.t3,καὶ,
1.224.t4,οὔ,
1.224.t5,πω,
1.224.t6,λῆγε,Impf1.
1.224.t7,χόλοιο,Gen10.
1.225.t1,οἰνοβαρές,Voc1.
1.225.t2,κυνὸς,Gen4.
1.225.t3,ὄμματ',Acc1.
1.225.t4,ἔχων,Pres6.;Partic.
1.225.t5,κραδίην,Acc1.
1.225.t6,δ',
1.225.t7,ἐλάφοιο,Gen4.
1.226.t1,οὔτέ,
1.226.t2,ποτ',
1.226.t3,ἐς,Prep3.
1.226.t4,πόλεμον,GBP.
1.226.t5,ἅμα,Prep3.
1.226.t6,λαῷ,GBP.
1.226.t7,θωρηχθῆναι,Aor12.;Inf2.
1.227.t1,οὔ,
1.227.t2,λόχον,Acc7.
1.227.t3,δ',
1.227.t4,ἰέναι,Pres6.;Inf2.
1.227.t5,σὺν,Prep2.
1.227.t6,ἀριστήεσσιν,GBP.
1.227.t7,Ἀχαιῶν,Gen13.
1.228.t1,τέτληκας,Perf.
1.228.t2,θυμῷ,Dat12.
1.228.t3,τὸ,Nom1.
1.228.t4,δέ,
1.228.t5,τοι,Dat14.
1.228.t6,κὴρ,Nom1.
1.228.t7,εἴδεται,
1.228.t8,εἶναι,Pres.;Infin.
1.229.t1,ἦ,
1.229.t2,πολὺ,Acc8.
1.229.t3,λώϊόν,
1.229.t4,ἐστι,Pres.
1.229.t5,κατὰ,Prep3.
1.229.t6,στρατὸν,GBP.
1.229.t7,εὐρὺν,Agr.
1.229.t8,Ἀχαιῶν,Gen1.
1.230.t1,δῶρ',Acc1.
1.230.t2,ἀποαιρεῖσθαι,Pres6.;Infin.;Mid1.
1.230.t3,ὅς,Nom1.
1.230.t4,τις,Agr.
1.230.t5,σέθεν,Gen14.
1.230.t6,ἀντίον,Acc8.
1.230.t7,εἴπῃ,Aor12.;Subj.
1.231.t1,δημοβόρος,Agr.
1.231.t2,βασιλεὺς,Nom1.
1.231.t3,ἐπεὶ,
1.231.t4,οὐτιδανοῖσιν,Dat1.
1.231.t5,ἀνάσσεις,Pres.
1.232.t1,ἦ,
1.232.t2,γὰρ,
1.232.t3,ἂν,
1.232.t4,Ἀτρεΐδη,Voc1.
1.232.t5,νῦν,
1.232.t6,ὕστατα,Acc8.
1.232.t7,λωβήσαιο,Aor12.;Opt.;Mid.
1.233.t1,ἀλλ',
1.233.t2,ἔκ,
1.233.t3,τοι,GBP.
1.233.t4,ἐρέω,Fut.
1.233.t5,καὶ,
1.233.t6,ἐπὶ,
1.233.t7,μέγαν,Agr.
1.233.t8,ὅρκον,GBP.
1.233.t9,ὀμοῦμαι,Fut.;Mid6.
1.234.t1,ναὶ,
1.234.t2,μὰ,
1.234.t3,τόδε,Agr.
1.234.t4,σκῆπτρον,Acc9.
1.234.t5,τὸ,Nom1.
1.234.t6,μὲν,
1.234.t7,οὔ,
1.234.t8,ποτε,
1.234.t9,φύλλα,Acc1.
1.234.t10,καὶ,
1.234.t11,ὄζους,Acc1.
1.235.t1,φύσει,Impf1.
1.235.t2,ἐπεὶ,
1.235.t3,δὴ,
1.235.t4,πρῶτα,Acc8.
1.235.t5,τομὴν,Acc1.
1.235.t6,ἐν,Prep3.
1.235.t7,ὄρεσσι,GBP.
1.235.t8,λέλοιπεν,Pluperf.
1.236.t1,οὐ,
1.236.t2,ἀναθηλήσει,Fut.
1.236.t3,περὶ,
1.236.t4,γάρ,
1.236.t5,ῥά,
1.236.t6,ἑ,Acc10.
1.236.t7,χαλκὸς,Nom1.
1.236.t8,ἔλεψε,Aor2.
1.237.t1,φύλλά,Acc1.
1.237.t2,τε,
1.237.t3,καὶ,
1.237.t4,φλοιόν,Acc1.
1.237.t5,νῦν,
1.237.t6,αὖτέ,
1.237.t7,μιν,Acc1.
1.237.t8,υἷες,Nom1.
1.237.t9,Ἀχαιῶν,Gen2.
1.238.t1,ἐν,Prep3.
1.238.t2,παλάμῃς,GBP.
1.238.t3,φορέουσι,Pres.
1.238.t4,δικασπόλοι,Agr.
1.238.t5,οἵ,Nom1.
1.238.t6,τε,
1.238.t7,θέμιστας,Acc1.
1.239.t1,πρὸς,Prep4.
1.239.t2,Διὸς,GBP.
1.239.t3,εἰρύαται,Perf.;Perf.;Mid.
1.239.t4,ὃ,Nom1.
1.239.t5,δέ,
1.239.t6,τοι,Dat14.
1.239.t7,μέγας,Agr.
1.239.t8,ἔσσεται,Fut.;Mid.
1.239.t9,ὅρκος,Nom1.
1.240.t1,ἦ,
1.240.t2,ποτ',
1.240.t3,Ἀχιλλῆος,Gen8.
1.240.t4,ποθὴ,Nom1.
1.240.t5,ἵξεται,Fut.
1.240.t6,υἷας,Acc1.
1.240.t7,Ἀχαιῶν,Gen2.
1.241.t1,σύμπαντας,Agr.
1.241.t2,τότε,
1.241.t3,δ',
1.241.t4,οὔ,
1.241.t5,τι,Acc8.
1.241.t6,δυνήσεαι,
1.241.t7,ἀχνύμενός,
1.241.t8,περ,
1.242.t1,χραισμεῖν,
1.242.t2,εὖτ',
1.242.t3,ἂν,
1.242.t4,πολλοὶ,Nom1.
1.242.t5,ὑφ',Prep1.
1.242.t6,Ἕκτορος,GBP.
1.242.t7,ἀνδροφόνοιο,Agr.
1.243.t1,θνήσκοντες,
1.243.t2,πίπτωσι,
1.243.t3,σὺ,
1.243.t4,δ',
1.243.t5,ἔνδοθι,
1.243.t6,θυμὸν,Acc1.
1.243.t7,ἀμύξεις,
1.244.t1,χωόμενος,
1.244.t2,ὅ,
1.244.t3,τ',
1.244.t4,ἄριστον,Acc1.
1.244.t5,Ἀχαιῶν,Gen13.
1.244.t6,οὐδὲν,Acc8.
1.244.t7,ἔτισας,
1.245.t1,ὣς,
1.245.t2,φάτο,
1.245.t3,Πηλεΐδης,Nom1.
1.245.t4,ποτὶ,
1.245.t5,δὲ,
1.245.t6,σκῆπτρον,Acc1.
1.245.t7,βάλε,
1.245.t8,γαίῃ,Dat12.
1.246.t1,χρυσείοις,Agr.
1.246.t2,ἥλοισι,Dat1.
1.246.t3,πεπαρμένον,
1.246.t4,ἕζετο,
1.246.t5,δ',
1.246.t6,αὐτός,Agr.
1.247.t1,Ἀτρεΐδης,Nom1.
1.247.t2,δ',
1.247.t3,ἑτέρωθεν,
1.247.t4,ἐμήνιε,Impf1.
1.247.t5,τοῖσι,Dat12.
1.247.t6,δὲ,
1.247.t7,Νέστωρ,Nom1.
1.248.t1,ἡδυεπὴς,Agr.
1.248.t2,ἀνόρουσε,
1.248.t3,λιγὺς,Agr.
1.248.t4,Πυλίων,Gen2.
1.248.t5,ἀγορητής,Nom1.
1.249.t1,τοῦ,Agr.
1.249.t2,καὶ,
1.249.t3,ἀπὸ,Prep3.
1.249.t4,γλώσσης,GBP.
1.249.t5,μέλιτος,Gen13.
1.249.t6,γλυκίων,
1.249.t7,ῥέεν,Impf1.
1.249.t8,αὐδή,Nom1.
1.250.t1,τῷ,Dat3.
1.250.t2,δ',
1.250.t3,ἤδη,
1.250.t4,δύο,
1.250.t5,μὲν,
1.250.t6,γενεαὶ,Nom1.
1.250.t7,μερόπων,Agr.
1.250.t8,ἀνθρώπων,Gen4.
1.251.t1,ἐφθίαθ',Pluperf.
1.251.t2,οἵ,Nom1.
1.251.t3,οἱ,GBP.
1.251.t4,πρόσθεν,
1.251.t5,ἅμα,Prep2.
1.251.t6,τράφεν,
1.251.t7,ἠδ',
1.251.t8,ἐγένοντο,
1.252.t1,ἐν,Prep3.
1.252.t2,Πύλῳ,GBP.
1.252.t3,ἠγαθέῃ,Agr.
1.252.t4,μετὰ,Prep3.
1.252.t5,δὲ,
1.252.t6,τριτάτοισιν,GBP.
1.252.t7,ἄνασσεν,Impf1.
1.253.t1,ὅ,Nom1.
1.253.t2,σφιν,Dat12.
1.253.t3,ἐὺ,
1.253.t4,φρονέων,
1.253.t5,ἀγορήσατο,
1.253.t6,καὶ,
1.253.t7,μετέειπεν,
1.254.t1,ὦ,
1.254.t2,πόποι,
1.254.t3,ἦ,
1.254.t4,μέγα,Agr.
1.254.t5,πένθος,Nom1.
1.254.t6,Ἀχαιΐδα,Agr.
1.254.t7,γαῖαν,Acc1.
1.254.t8,ἱκάνει,
1.255.t1,ἦ,
1.255.t2,κεν,
1.255.t3,γηθήσαι,
1.255.t4,Πρίαμος,Nom1.
1.255.t5,Πριάμοιό,Gen1.
1.255.t6,τε,
1.255.t7,παῖδες,Nom1.
1.256.t1,ἄλλοι,Agr.
1.256.t2,τε,
1.256.t3,Τρῶες,Agr.
1.256.t4,μέγα,Acc8.
1.256.t5,κεν,
1.256.t6,κεχαροίατο,
1.256.t7,θυμῷ,Dat12.
1.257.t1,εἰ,
1.257.t2,σφῶϊν,Gen10.
1.257.t3,τάδε,Acc1.
1.257.t4,πάντα,Agr.
1.257.t5,πυθοίατο,
1.257.t6,μαρναμένοιϊν,Partic5.
1.258.t1,οἳ,Nom1.
1.258.t2,περὶ,
1.258.t3,μὲν,
1.258.t4,βουλὴν,Acc4.
1.258.t5,Δαναῶν,Gen13.
1.258.t6,περὶ,
1.258.t7,δ',
1.258.t8,ἐστὲ,
1.258.t9,μάχεσθαι,
1.259.t1,ἀλλὰ,
1.259.t2,πίθεσθ',Aor.;Impr1.;Mid.
1.259.t3,ἄμφω,Nom1.
1.259.t4,δὲ,
1.259.t5,νεωτέρω,Nom2.
1.259.t6,ἐστὸν,
1.259.t7,ἐμεῖο,Gen13.
1.260.t1,ἤδη,
1.260.t2,γάρ,
1.260.t3,ποτ',
1.260.t4,ἐγὼ,Nom1.
1.260.t5,καὶ,
1.260.t6,ἀρείοσιν,
1.260.t7,ἠέ,
1.260.t8,περ,
1.260.t9,ὑμῖν,Agr.
1.261.t1,ἀνδράσιν,Dat1.
1.261.t2,ὡμίλησα,
1.261.t3,καὶ,
1.261.t4,οὔ,
1.261.t5,ποτέ,
1.261.t6,μ',Acc1.
1.261.t7,οἵ,Nom1.
1.261.t8,γ',
1.261.t9,ἀθέριζον,Impf1.
1.262.t1,οὐ,
1.262.t2,γάρ,
1.262.t3,πω,
1.262.t4,τοίους,Agr.
1.262.t5,ἴδον,
1.262.t6,ἀνέρας,Acc1.
1.262.t7,οὐ,
1.262.t8,ἴδωμαι,
1.263.t1,οἷον,Agr.
1.263.t2,Πειρίθοόν,Acc1.
1.263.t3,τε,
1.263.t4,Δρύαντά,Acc1.
1.263.t5,τε,
1.263.t6,ποιμένα,Agr.
1.263.t7,λαῶν,Gen8.
1.264.t1,Καινέα,Acc1.
1.264.t2,τ',
1.264.t3,Ἐξάδιόν,Acc1.
1.264.t4,τε,
1.264.t5,καὶ,
1.264.t6,ἀντίθεον,Agr.
1.264.t7,Πολύφημον,Acc1.
1.265.t1,Θησέα,Acc1.
1.265.t2,τ',
1.265.t3,Αἰγεΐδην,Agr.
1.265.t4,ἐπιείκελον,Agr.
1.265.t5,ἀθανάτοισιν,
1.266.t1,κάρτιστοι,Agr.
1.266.t2,δὴ,
1.266.t3,κεῖνοι,Nom1.
1.266.t4,ἐπιχθονίων,Agr.
1.266.t5,τράφεν,
1.266.t6,ἀνδρῶν,Gen13.
1.267.t1,κάρτιστοι,Nom2.
1.267.t2,μὲν,
1.267.t3,ἔσαν,Impf1.
1.267.t4,καὶ,
1.267.t5,καρτίστοις,Dat1.
1.267.t6,ἐμάχοντο,
1.268.t1,φηρσὶν,Dat1.
1.268.t2,ὀρεσκῴοισι,Agr.
1.268.t3,καὶ,
1.268.t4,ἐκπάγλως,
1.268.t5,ἀπόλεσσαν,
1.269.t1,καὶ,
1.269.t2,μὲν,
1.269.t3,τοῖσιν,Dat1.
1.269.t4,ἐγὼ,Nom1.
1.269.t5,μεθομίλεον,Impf1.
1.269.t6,ἐκ,Prep3.
1.269.t7,Πύλου,GBP.
1.269.t8,ἐλθὼν,
1.270.t1,τηλόθεν,
1.270.t2,ἐξ,Prep3.
1.270.t3,ἀπίης,Agr.
1.270.t4,γαίης,GBP.
1.270.t5,καλέσαντο,Aor2.;Ind1.;Mid3.
1.270.t6,γὰρ,
1.270.t7,αὐτοί,Nom1.
1.271.t1,καὶ,
1.271.t2,μαχόμην,
1.271.t3,κατ',Prep5.
1.271.t4,ἔμ',GBP.
1.271.t5,αὐτὸν,
1.271.t6,ἐγώ,Nom1.
1.271.t7,κείνοισι,Dat1.
1.271.t8,δ',
1.271.t9,ἂν,
1.271.t10,οὔ,
1.271.t11,τις,Nom1.
1.272.t1,τῶν,
1.272.t2,οἳ,
1.272.t3,νῦν,
1.272.t4,βροτοί,Nom1.
1.272.t5,εἰσιν,
1.272.t6,ἐπιχθόνιοι,Nom2.
1.272.t7,μαχέοιτο,
1.273.t1,καὶ,
1.273.t2,μέν,
1.273.t3,μευ,Gen11.
1.273.t4,βουλέων,Gen10.
1.273.t5,ξύνιεν,Impf1.
1.273.t6,πείθοντό,
1.273.t7,τε,
1.273.t8,μύθῳ,Dat1.
1.274.t1,ἀλλὰ,
1.274.t2,πίθεσθε,Aor.;Impr1.;Mid.
1.274.t3,καὶ,
1.274.t4,ὔμμες,
1.274.t5,ἐπεὶ,
1.274.t6,πείθεσθαι,
1.274.t7,ἄμεινον,
1.275.t1,μήτε,
1.275.t2,σὺ,Nom1.
1.275.t3,τόνδ',Acc1.
1.275.t4,ἀγαθός,Nom2.
1.275.t5,περ,
1.275.t6,ἐὼν,
1.275.t7,ἀποαίρεο,
1.275.t8,κούρην,Acc1.
1.276.t1,ἀλλ',
1.276.t2,ἔα,
1.276.t3,ὥς,
1.276.t4,οἱ,Dat1.
1.276.t5,πρῶτα,Acc8.
1.276.t6,δόσαν,
1.276.t7,γέρας,Acc1.
1.276.t8,υἷες,Nom1.
1.276.t9,Ἀχαιῶν,Gen2.
1.277.t1,μήτε,
1.277.t2,σὺ,
1.277.t3,Πηλείδη,
1.277.t4,ἔθελ',
1.277.t5,ἐριζέμεναι,
1.277.t6,βασιλῆϊ,Dat1.
1.278.t1,ἀντιβίην,
1.278.t2,ἐπεὶ,
1.278.t3,οὔ,
1.278.t4,ποθ',
1.278.t5,ὁμοίης,Agr.
1.278.t6,ἔμμορε,
1.278.t7,τιμῆς,Gen10.
1.279.t1,σκηπτοῦχος,Agr.
1.279.t2,βασιλεύς,Nom1.
1.279.t3,ᾧ,Dat1.
1.279.t4,τε,
1.279.t5,Ζεὺς,Nom1.
1.279.t6,κῦδος,Acc1.
1.279.t7,ἔδωκεν,
1.280.t1,εἰ,
1.280.t2,δὲ,
1.280.t3,σὺ,Nom1.
1.280.t4,καρτερός,Nom2.
1.280.t5,ἐσσι,
1.280.t6,θεὰ,
1.280.t7,δέ,
1.280.t8,σε,Acc1.
1.280.t9,γείνατο,
1.280.t10,μήτηρ,Nom1.
1.281.t1,ἀλλ',
1.281.t2,ὅ,Nom1.
1.281.t3,γε,
1.281.t4,φέρτερός,Nom2.
1.281.t5,ἐστιν,
1.281.t6,ἐπεὶ,
1.281.t7,πλεόνεσσιν,
1.281.t8,ἀνάσσει,
1.282.t1,Ἀτρεΐδη,
1.282.t2,σὺ,
1.282.t3,δὲ,
1.282.t4,παῦε,
1.282.t5,τεὸν,Agr.
1.282.t6,μένος,Acc1.
1.282.t7,αὐτὰρ,
1.282.t8,ἔγωγε,Nom1.
1.283.t1,λίσσομ',
1.283.t2,Ἀχιλλῆϊ,Dat3.
1.283.t3,μεθέμεν,
1.283.t4,χόλον,Acc1.
1.283.t5,ὃς,Nom1.
1.283.t6,μέγα,Agr.
1.283.t7,πᾶσιν,Agr.
1.284.t1,ἕρκος,Nom2.
1.284.t2,Ἀχαιοῖσιν,Dat3.
1.284.t3,πέλεται,
1.284.t4,πολέμοιο,Gen4.
1.284.t5,κακοῖο,Agr.
1.285.t1,τὸν,Acc1.
1.285.t2,δ',
1.285.t3,ἀπαμειβόμενος,
1.285.t4,προσέφη,Impf1.
1.285.t5,κρείων,Agr.
1.285.t6,Ἀγαμέμνων,Nom1.
1.286.t1,ναὶ,
1.286.t2,δὴ,
1.286.t3,ταῦτά,Acc1.
1.286.t4,γε,
1.286.t5,πάντα,Agr.
1.286.t6,γέρον,
1.286.t7,κατὰ,Prep5.
1.286.t8,μοῖραν,GBP.
1.286.t9,ἔειπες,
1.287.t1,ἀλλ',
1.287.t2,ὅδ',Agr.
1.287.t3,ἀνὴρ,Nom1.
1.287.t4,ἐθέλει,
1.287.t5,περὶ,
1.287.t6,πάντων,Agr.
1.287.t7,ἔμμεναι,
1.287.t8,ἄλλων,Gen10.
1.288.t1,πάντων,Gen10.
1.288.t2,μὲν,
1.288.t3,κρατέειν,
1.288.t4,ἐθέλει,
1.288.t5,πάντεσσι,Dat1.
1.288.t6,δ',
1.288.t7,ἀνάσσειν,
1.289.t1,πᾶσι,Dat1.
1.289.t2,δὲ,
1.289.t3,σημαίνειν,
1.289.t4,ἅ,Acc1.
1.289.t5,τιν',Acc3.
1.289.t6,οὐ,
1.289.t7,πείσεσθαι,
1.289.t8,ὀΐω,
1.290.t1,εἰ,
1.290.t2,δέ,
1.290.t3,μιν,Acc1.
1.290.t4,αἰχμητὴν,Acc10.
1.290.t5,ἔθεσαν,
1.290.t6,θεοὶ,Nom1.
1.290.t7,αἰὲν,
1.290.t8,ἐόντες,
1.291.t1,τοὔνεκά,
1.291.t2,οἱ,Dat1.
1.291.t3,προθέουσιν,
1.291.t4,ὀνείδεα,Acc1.
1.291.t5,μυθήσασθαι,
1.292.t1,τὸν,Acc1.
1.292.t2,δ',
1.292.t3,ἄρ',
1.292.t4,ὑποβλήδην,
1.292.t5,ἠμείβετο,Impf1.;Mid6.
1.292.t6,δῖος,Agr.
1.292.t7,Ἀχιλλεύς,Nom1.
1.293.t1,ἦ,
1.293.t2,γάρ,
1.293.t3,κεν,
1.293.t4,δειλός,Nom1.
1.293.t5,τε,
1.293.t6,καὶ,
1.293.t7,οὐτιδανὸς,Nom1.
1.293.t8,καλεοίμην,Aor2.;Mid3.
1.294.t1,εἰ,
1.294.t2,δὴ,
1.294.t3,σοὶ,Dat1.
1.294.t4,πᾶν,Agr.
1.294.t5,ἔργον,Acc1.
1.294.t6,ὑπείξομαι,
1.294.t7,ὅττί,Acc1.
1.294.t8,κεν,
1.294.t9,εἴπῃς,Aor12.;Subj.
1.295.t1,ἄλλοισιν,Dat1.
1.295.t2,δὴ,
1.295.t3,ταῦτ',Acc1.
1.295.t4,ἐπιτέλλεο,
1.295.t5,μὴ,
1.295.t6,γὰρ,
1.295.t7,ἔμοιγε,Dat1.
1.296.t1,σήμαιν',
1.296.t2,οὐ,
1.296.t3,γὰρ,
1.296.t4,ἔγωγ',Nom1.
1.296.t5,ἔτι,
1.296.t6,σοὶ,Dat1.
1.296.t7,πείσεσθαι,
1.296.t8,ὀΐω,
1.297.t1,ἄλλο,Acc1.
1.297.t2,δέ,
1.297.t3,τοι,Dat1.
1.297.t4,ἐρέω,
1.297.t5,σὺ,
1.297.t6,δ',
1.297.t7,ἐνὶ,Prep3.
1.297.t8,φρεσὶ,GBP.
1.297.t9,βάλλεο,
1.297.t10,σῇσι,Agr.
1.298.t1,χερσὶ,Dat8.
1.298.t2,μὲν,
1.298.t3,οὔ,
1.298.t4,τοι,
1.298.t5,ἔγωγε,Nom1.
1.298.t6,μαχήσομαι,
1.298.t7,εἵνεκα,Prep1.
1.298.t8,κούρης,GBP.
1.299.t1,οὔ,
1.299.t2,σοὶ,Dat1.
1.299.t3,οὔτέ,
1.299.t4,τῳ,Dat1.
1.299.t5,ἄλλῳ,Agr.
1.299.t6,ἐπεί,
1.299.t7,μ',Acc1.
1.299.t8,ἀφέλεσθέ,
1.299.t9,γε,
1.299.t10,δόντες,
1.300.t1,τῶν,
1.300.t2,δ',
1.300.t3,ἄλλων,Gen2.
1.300.t4,ἅ,Nom1.
1.300.t5,μοί,Dat2.
1.300.t6,ἐστι,
1.300.t7,θοῇ,Agr.
1.300.t8,παρὰ,Prep3.
1.300.t9,νηῒ,GBP.
1.300.t10,μελαίνῃ,Agr.
1.301.t1,τῶν,Gen2.
1.301.t2,οὐκ,
1.301.t3,ἄν,
1.301.t4,τι,Acc1.
1.301.t5,φέροις,
1.301.t6,ἀνελὼν,
1.301.t7,ἀέκοντος,Partic3.
1.301.t8,ἐμεῖο,Agr.
1.302.t1,εἰ,
1.302.t2,δ',
1.302.t3,ἄγε,
1.302.t4,μὴν,
1.302.t5,πείρησαι,
1.302.t6,ἵνα,
1.302.t7,γνώωσι,Aor12.;Subj.
1.302.t8,καὶ,
1.302.t9,οἵδε,Nom1.
1.303.t1,αἶψά,
1.303.t2,τοι,Dat2.
1.303.t3,αἷμα,Nom1.
1.303.t4,κελαινὸν,Agr.
1.303.t5,ἐρωήσει,
1.303.t6,περὶ,Prep3.
1.303.t7,δουρί,GBP.
1.304.t1,ὣς,
1.304.t2,τώ,Nom1.
1.304.t3,γ',
1.304.t4,ἀντιβίοισι,Agr.
1.304.t5,μαχεσσαμένω,
1.304.t6,ἐπέεσσιν,Dat8.
1.305.t1,ἀνστήτην,
1.305.t2,λῦσαν,
1.305.t3,δ',
1.305.t4,ἀγορὴν,Acc1.
1.305.t5,παρὰ,Prep3.
1.305.t6,νηυσὶν,GBP.
1.305.t7,Ἀχαιῶν,Gen1.
1.306.t1,Πηλεΐδης,Nom1.
1.306.t2,μὲν,
1.306.t3,ἐπὶ,Prep3.
1.306.t4,κλισίας,GBP.
1.306.t5,καὶ,
1.306.t6,νῆας,GBP.
1.306.t7,ἐΐσας,Agr.
1.307.t1,ἤϊε,Impf1.
1.307.t2,σύν,Prep2.
1.307.t3,τε,
1.307.t4,Μενοιτιάδῃ,GBP.
1.307.t5,καὶ,
1.307.t6,οἷς,Agr.
1.307.t7,ἑτάροισιν,GBP.
1.308.t1,Ἀτρεΐδης,Nom1.
1.308.t2,δ',
1.308.t3,ἄρα,
1.308.t4,νῆα,Acc1.
1.308.t5,θοὴν,Agr.
1.308.t6,ἅλα,Acc7.
1.308.t7,δὲ,
1.308.t8,προέρυσσεν,
1.309.t1,ἐν,
1.309.t2,δ',
1.309.t3,ἐρέτας,Acc1.
1.309.t4,ἔκρινεν,
1.309.t5,ἐείκοσιν,
1.309.t6,ἐς,
1.309.t7,δ',
1.309.t8,ἑκατόμβην,Acc1.
1.310.t1,βῆσε,
1.310.t2,θεῷ,Dat3.
1.310.t3,ἀνὰ,
1.310.t4,δὲ,
1.310.t5,Χρυσηΐδα,Acc1.
1.310.t6,καλλιπάρῃον,Agr.
1.311.t1,εἷσεν,
1.311.t2,ἄγων,
1.311.t3,ἐν,
1.311.t4,δ',
1.311.t5,ἀρχὸς,Agr.
1.311.t6,ἔβη,
1.311.t7,πολύμητις,Agr.
1.311.t8,Ὀδυσσεύς,Nom1.
1.312.t1,οἳ,Nom1.
1.312.t2,μὲν,
1.312.t3,ἔπειτ',
1.312.t4,ἀναβάντες,
1.312.t5,ἐπέπλεον,Impf1.
1.312.t6,ὑγρὰ,Agr.
1.312.t7,κέλευθα,Acc6.
1.313.t1,λαοὺς,Acc1.
1.313.t2,δ',
1.313.t3,Ἀτρεΐδης,Nom1.
1.313.t4,ἀπολυμαίνεσθαι,
1.313.t5,ἄνωγεν,
1.314.t1,οἳ,Nom1.
1.314.t2,δ',
1.314.t3,ἀπελυμαίνοντο,
1.314.t4,καὶ,
1.314.t5,εἰς,Prep3.
1.314.t6,ἅλα,GBP.
1.314.t7,λύματα,Acc1.
1.314.t8,βάλλον,Impf1.
1.315.t1,ἕρδον,Impf1.
1.315.t2,δ',
1.315.t3,Ἀπόλλωνι,Dat3.
1.315.t4,τεληέσσας,Agr.
1.315.t5,ἑκατόμβας,Acc1.
1.316.t1,ταύρων,Gen11.
1.316.t2,ἠδ',
1.316.t3,αἰγῶν,Gen11.
1.316.t4,παρὰ,Prep3.
1.316.t5,θῖν',GBP.
1.316.t6,ἁλὸς,Gen4.
1.316.t7,ἀτρυγέτοιο,Agr.
1.317.t1,κνίση,Nom1.
1.317.t2,δ',
1.317.t3,οὐρανὸν,Acc7.
1.317.t4,ἷκεν,
1.317.t5,ἑλισσομένη,
1.317.t6,περὶ,Prep3.
1.317.t7,καπνῷ,GBP.
1.318.t1,ὣς,
1.318.t2,οἳ,Nom1.
1.318.t3,μὲν,
1.318.t4,τὰ,Acc1.
1.318.t5,πένοντο,
1.318.t6,κατὰ,Prep3.
1.318.t7,στρατόν,GBP.
1.318.t8,οὐ,
1.318.t9,Ἀγαμέμνων,Nom1.
1.319.t1,λῆγ',Impf1.
1.319.t2,ἔριδος,Gen10.
1.319.t3,τὴν,Acc1.
1.319.t4,πρῶτον,Acc8.
1.319.t5,ἐπηπείλησ',
1.319.t6,Ἀχιλῆϊ,Dat1.
1.320.t1,ἀλλ',
1.320.t2,ὅ,Nom1.
1.320.t3,γε,
1.320.t4,Ταλθύβιόν,Acc1.
1.320.t5,τε,
1.320.t6,καὶ,
1.320.t7,Εὐρυβάτην,Acc1.
1.320.t8,προσέειπε,
1.321.t1,τώ,Nom1.
1.321.t2,οἱ,Dat2.
1.321.t3,ἔσαν,Impf1.
1.321.t4,κήρυκε,Nom2.
1.321.t5,καὶ,
1.321.t6,ὀτρηρὼ,Agr.
1.321.t7,θεράποντε,Nom2.
1.322.t1,ἔρχεσθον,Pres6.;Mid.
1.322.t2,κλισίην,Acc7.
1.322.t3,Πηληϊάδεω,Agr.
1.322.t4,Ἀχιλῆος,Gen1.
1.323.t1,χειρὸς,Gen2.
1.323.t2,ἑλόντ',
1.323.t3,ἀγέμεν,
1.323.t4,Βρισηΐδα,Acc1.
1.323.t5,καλλιπάρῃον,Agr.
1.324.t1,εἰ,
1.324.t2,δέ,
1.324.t3,κε,
1.324.t4,μὴ,
1.324.t5,δώῃσιν,Aor12.;Subj.
1.324.t6,ἐγὼ,Nom1.
1.324.t7,δέ,
1.324.t8,κεν,
1.324.t9,αὐτὸς,Agr.
1.324.t10,ἕλωμαι,
1.325.t1,ἐλθὼν,
1.325.t2,σὺν,Prep2.
1.325.t3,πλεόνεσσι,GBP.
1.325.t4,τό,Nom1.
1.325.t5,οἱ,Dat14.
1.325.t6,καὶ,
1.325.t7,ῥίγιον,Nom2.
1.325.t8,ἔσται,
1.326.t1,ὣς,
1.326.t2,εἰπὼν,
1.326.t3,προΐει,Impf1.
1.326.t4,κρατερὸν,Agr.
1.326.t5,δ',
1.326.t6,ἐπὶ,
1.326.t7,μῦθον,GBP.
1.326.t8,ἔτελλε,Impf1.
1.327.t1,τὼ,Nom1.
1.327.t2,δ',
1.327.t3,ἀέκοντε,Agr.
1.327.t4,βάτην,
1.327.t5,παρὰ,Prep3.
1.327.t6,θῖν',GBP.
1.327.t7,ἁλὸς,Gen4.
1.327.t8,ἀτρυγέτοιο,Agr.
1.328.t1,Μυρμιδόνων,Gen1.
1.328.t2,δ',
1.328.t3,ἐπί,Prep3.
1.328.t4,τε,
1.328.t5,κλισίας,GBP.
1.328.t6,καὶ,
1.328.t7,νῆας,GBP.
1.328.t8,ἱκέσθην,
1.329.t1,τὸν,Acc1.
1.329.t2,δ',
1.329.t3,εὗρον,
1.329.t4,παρά,Prep3.
1.329.t5,τε,
1.329.t6,κλισίῃ,GBP.
1.329.t7,καὶ,
1.329.t8,νηῒ,GBP.
1.329.t9,μελαίνῃ,Agr.
1.330.t1,ἥμενον,
1.330.t2,οὐ,
1.330.t3,ἄρα,
1.330.t4,τώ,Acc1.
1.330.t5,γε,
1.330.t6,ἰδὼν,
1.330.t7,γήθησεν,
1.330.t8,Ἀχιλλεύς,Nom1.
1.331.t1,τὼ,Nom1.
1.331.t2,μὲν,
1.331.t3,ταρβήσαντε,
1.331.t4,καὶ,
1.331.t5,αἰδομένω,
1.331.t6,βασιλῆα,Acc1.
1.332.t1,στήτην,
1.332.t2,οὐ,
1.332.t3,τί,Acc1.
1.332.t4,μιν,Acc10.
1.332.t5,προσεφώνεον,Impf1.
1.332.t6,οὐ,
1.332.t7,ἐρέοντο,
1.333.t1,αὐτὰρ,
1.333.t2,ὃ,Nom1.
1.333.t3,ἔγνω,
1.333.t4,ᾗσιν,Agr.
1.333.t5,ἐνὶ,Prep3.
1.333.t6,φρεσὶ,GBP.
1.333.t7,φώνησέν,
1.333.t8,τε,
1.334.t1,χαίρετε,
1.334.t2,κήρυκες,
1.334.t3,Διὸς,Gen8.
1.334.t4,ἄγγελοι,
1.334.t5,ἠδὲ,
1.334.t6,καὶ,
1.334.t7,ἀνδρῶν,Gen8.
1.335.t1,ἆσσον,
1.335.t2,ἴτ',
1.335.t3,οὔ,
1.335.t4,τί,
1.335.t5,μοι,Dat4.
1.335.t6,ὔμμες,Nom1.
1.335.t7,ἐπαίτιοι,Nom2.
1.335.t8,ἀλλ',
1.335.t9,Ἀγαμέμνων,Nom1.
1.336.t1,ὃ,Nom1.
1.336.t2,σφῶϊ,Acc1.
1.336.t3,προΐει,Impf1.
1.336.t4,Βρισηΐδος,Agr.
1.336.t5,εἵνεκα,Prep1.
1.336.t6,κούρης,GBP.
1.337.t1,ἀλλ',
1.337.t2,ἄγε,
1.337.t3,διογενὲς,
1.337.t4,Πατρόκλεες,
1.337.t5,ἔξαγε,
1.337.t6,κούρην,Acc1.
1.338.t1,καί,
1.338.t2,σφωϊν,Dat1.
1.338.t3,δὸς,
1.338.t4,ἄγειν,
1.338.t5,τὼ,Nom1.
1.338.t6,δ',
1.338.t7,αὐτὼ,Agr.
1.338.t8,μάρτυροι,Nom2.
1.338.t9,ἔστων,
1.339.t1,πρός,Prep3.
1.339.t2,τε,
1.339.t3,θεῶν,GBP.
1.339.t4,μακάρων,Agr.
1.339.t5,πρός,Prep3.
1.339.t6,τε,
1.339.t7,θνητῶν,Agr.
1.339.t8,ἀνθρώπων,GBP.
1.340.t1,καὶ,
1.340.t2,πρὸς,Prep3.
1.340.t3,τοῦ,
1.340.t4,βασιλῆος,GBP.
1.340.t5,ἀπηνέος,
1.340.t6,εἴ,
1.340.t7,ποτε,
1.340.t8,δ',
1.340.t9,αὖτε,
1.341.t1,χρειὼ,Nom1.
1.341.t2,ἐμεῖο,
1.341.t3,γένηται,
1.341.t4,ἀεικέα,Agr.
1.341.t5,λοιγὸν,Acc1.
1.341.t6,ἀμῦναι,
1.342.t1,τοῖς,Agr.
1.342.t2,ἄλλοις,Dat1.
1.342.t3,ἦ,
1.342.t4,γὰρ,
1.342.t5,ὅ,Nom1.
1.342.t6,γ',
1.342.t7,ὀλοιῇσι,Agr.
1.342.t8,φρεσὶ,Dat12.
1.342.t9,θύει,
1.343.t1,οὐ,
1.343.t2,τι,
1.343.t3,οἶδε,
1.343.t4,νοῆσαι,
1.343.t5,ἅμα,
1.343.t6,πρόσσω,
1.343.t7,καὶ,
1.343.t8,ὀπίσσω,
1.344.t1,ὅππως,
1.344.t2,οἱ,Dat3.
1.344.t3,παρὰ,Prep3.
1.344.t4,νηυσὶ,GBP.
1.344.t5,σόοι,Agr.
1.344.t6,μαχέοιντο,
1.344.t7,Ἀχαιοί,Nom1.
1.345.t1,ὣς,
1.345.t2,φάτο,
1.345.t3,Πάτροκλος,Nom1.
1.345.t4,δὲ,
1.345.t5,φίλῳ,Agr.
1.345.t6,ἐπεπείθεθ',
1.345.t7,ἑταίρῳ,Dat1.
1.346.t1,ἐκ,Prep3.
1.346.t2,δ',
1.346.t3,ἄγαγε,
1.346.t4,κλισίης,GBP.
1.346.t5,Βρισηΐδα,Acc1.
1.346.t6,καλλιπάρῃον,Agr.
1.347.t1,δῶκε,
1.347.t2,δ',
1.347.t3,ἄγειν,
1.347.t4,τὼ,Nom1.
1.347.t5,δ',
1.347.t6,αὖτις,
1.347.t7,ἴτην,Impf1.
1.347.t8,παρὰ,Prep3.
1.347.t9,νῆας,GBP.
1.347.t10,Ἀχαιῶν,Gen1.
1.348.t1,ἣ,Agr.
1.348.t2,δ',
1.348.t3,ἀέκουσ',Agr.
1.348.t4,ἅμα,Prep2.
1.348.t5,τοῖσι,GBP.
1.348.t6,γυνὴ,Nom1.
1.348.t7,κίεν,Impf1.
1.348.t8,αὐτὰρ,
1.348.t9,Ἀχιλλεὺς,Nom1.
1.349.t1,δακρύσας,
1.349.t2,ἑτάρων,GBP.
1.349.t3,ἄφαρ,
1.349.t4,ἕζετο,
1.349.t5,νόσφι,Prep3.
1.349.t6,λιασθείς,
1.350.t1,θῖν',GBP.
1.350.t2,ἔφ',Prep3.
1.350.t3,ἁλὸς,Gen4.
1.350.t4,πολιῆς,Agr.
1.350.t5,ὁρόων,
1.350.t6,ἐπ',Prep3.
1.350.t7,ἀπείρονα,Agr.
1.350.t8,πόντον,GBP.
1.351.t1,πολλὰ,Agr.
1.351.t2,δὲ,
1.351.t3,μητρὶ,Dat1.
1.351.t4,φίλῃ,Agr.
1.351.t5,ἠρήσατο,
1.351.t6,χεῖρας,Acc1.
1.351.t7,ὀρεγνύς,
1.352.t1,μῆτερ,
1.352.t2,ἐπεί,
1.352.t3,μ',Acc1.
1.352.t4,ἔτεκές,
1.352.t5,γε,
1.352.t6,μινυνθάδιόν,Acc10.
1.352.t7,περ,
1.352.t8,ἐόντα,
1.353.t1,τιμήν,Acc1.
1.353.t2,πέρ,
1.353.t3,μοι,Dat1.
1.353.t4,ὄφελλεν,Impf1.
1.353.t5,Ὀλύμπιος,Agr.
1.353.t6,ἐγγυαλίξαι,
1.354.t1,Ζεὺς,Nom1.
1.354.t2,ὑψιβρεμέτης,Agr.
1.354.t3,νῦν,
1.354.t4,δ',
1.354.t5,οὐ,
1.354.t6,με,Acc1.
1.354.t7,τυτθὸν,Acc8.
1.354.t8,ἔτισεν,
1.355.t1,ἦ,
1.355.t2,γάρ,
1.355.t3,μ',Acc1.
1.355.t4,Ἀτρεΐδης,Agr.
1.355.t5,εὐρὺ,Acc6.
1.355.t6,κρείων,Agr.
1.355.t7,Ἀγαμέμνων,Nom1.
1.356.t1,ἠτίμησεν,
1.356.t2,ἑλὼν,
1.356.t3,γὰρ,
1.356.t4,ἔχει,
1.356.t5,γέρας,Acc1.
1.356.t6,αὐτὸς,
1.356.t7,ἀπούρας,
1.357.t1,ὣς,
1.357.t2,φάτο,Ind1.;Mid3.
1.357.t3,δάκρυ,Acc1.
1.357.t4,χέων,
1.357.t5,τοῦ,Gen10.
1.357.t6,δ',
1.357.t7,ἔκλυε,Impf1.
1.357.t8,πότνια,Agr.
1.357.t9,μήτηρ,Nom1.
1.358.t1,ἡμένη,
1.358.t2,ἐν,Prep3.
1.358.t3,βένθεσσιν,GBP.
1.358.t4,ἁλὸς,Gen4.
1.358.t5,παρὰ,Prep3.
1.358.t6,πατρὶ,GBP.
1.358.t7,γέροντι,Agr.
1.359.t1,καρπαλίμως,
1.359.t2,δ',
1.359.t3,ἀνέδυ,
1.359.t4,πολιῆς,Agr.
1.359.t5,ἁλὸς,Gen10.
1.359.t6,ἠΰτ',
1.359.t7,ὀμίχλη,
1.360.t1,καί,
1.360.t2,ῥα,
1.360.t3,πάροιθ',Prep3.
1.360.t4,αὐτοῖο,GBP.
1.360.t5,καθέζετο,
1.360.t6,δάκρυ,Acc1.
1.360.t7,χέοντος,
1.361.t1,χειρί,Dat8.
1.361.t2,τέ,
1.361.t3,μιν,Acc1.
1.361.t4,κατέρεξεν,
1.361.t5,ἔπος,Acc1.
1.361.t6,τ',
1.361.t7,ἔφατ',Impf1.;Ind1.;Mid3.
1.361.t8,ἔκ,
1.361.t9,τ',
1.361.t10,ὀνόμαζε,Impf1.
1.362.t1,τέκνον,
1.362.t2,τί,Acc11.
1.362.t3,κλαίεις,
1.362.t4,τί,
1.362.t5,δέ,
1.362.t6,σε,Agr.
1.362.t7,φρένας,Acc7.
1.362.t8,ἵκετο,
1.362.t9,πένθος,Nom1.
1.363.t1,ἐξαύδα,
1.363.t2,μὴ,
1.363.t3,κεῦθε,
1.363.t4,νόῳ,Dat12.
1.363.t5,ἵνα,
1.363.t6,εἴδομεν,
1.363.t7,ἄμφω,Nom1.
1.364.t1,τὴν,Acc1.
1.364.t2,δὲ,
1.364.t3,βαρὺ,Acc8.
1.364.t4,στενάχων,
1.364.t5,προσέφη,Impf1.
1.364.t6,πόδας,Acc4.
1.364.t7,ὠκὺς,Agr.
1.364.t8,Ἀχιλλεύς,Nom1.
1.365.t1,οἶσθα,
1.365.t2,τί,Acc11.
1.365.t3,ἤ,
1.365.t4,τοι,Dat1.
1.365.t5,ταῦτα,Acc1.
1.365.t6,ἰδυίῃ,Agr.
1.365.t7,πάντ',Agr.
1.365.t8,ἀγορεύω,
1.366.t1,ᾠχόμεθ',
1.366.t2,ἐς,Prep3.
1.366.t3,Θήβην,GBP.
1.366.t4,ἱερὴν,Agr.
1.366.t5,πόλιν,Agr.
1.366.t6,Ἠετίωνος,Gen1.
1.367.t1,τὴν,Acc1.
1.367.t2,δὲ,
1.367.t3,διεπράθομέν,
1.367.t4,τε,
1.367.t5,καὶ,
1.367.t6,ἤγομεν,Impf1.
1.367.t7,ἐνθάδε,
1.367.t8,πάντα,Acc1.
1.368.t1,καὶ,
1.368.t2,τὰ,Acc1.
1.368.t3,μὲν,
1.368.t4,εὖ,
1.368.t5,δάσσαντο,
1.368.t6,μετὰ,Prep4.
1.368.t7,σφίσιν,GBP.
1.368.t8,υἷες,Nom1.
1.368.t9,Ἀχαιῶν,Gen2.
1.369.t1,ἐκ,
1.369.t2,δ',
1.369.t3,ἕλον,
1.369.t4,Ἀτρεΐδῃ,Dat1.
1.369.t5,Χρυσηΐδα,Acc1.
1.369.t6,καλλιπάρῃον,Agr.
1.370.t1,Χρύσης,Nom1.
1.370.t2,δ',
1.370.t3,αὖθ',
1.370.t4,ἱερεὺς,Agr.
1.370.t5,ἑκατηβόλου,Agr.
1.370.t6,Ἀπόλλωνος,Gen1.
1.371.t1,ἦλθε,
1.371.t2,θοὰς,Agr.
1.371.t3,ἐπὶ,Prep3.
1.371.t4,νῆας,GBP.
1.371.t5,Ἀχαιῶν,Gen1.
1.371.t6,χαλκοχιτώνων,Agr.
1.372.t1,λυσόμενός,
1.372.t2,τε,
1.372.t3,θύγατρα,Acc1.
1.372.t4,φέρων,
1.372.t5,τ',
1.372.t6,ἀπερείσι',Agr.
1.372.t7,ἄποινα,Acc1.
1.373.t1,στέμματ',Acc1.
1.373.t2,ἔχων,
1.373.t3,ἐν,Prep3.
1.373.t4,χερσὶν,GBP.
1.373.t5,ἑκηβόλου,Agr.
1.373.t6,Ἀπόλλωνος,Gen1.
1.374.t1,χρυσέῳ,Agr.
1.374.t2,ἀνὰ,Prep3.
1.374.t3,σκήπτρῳ,GBP.
1.374.t4,καὶ,
1.374.t5,λίσσετο,
1.374.t6,πάντας,Agr.
1.374.t7,Ἀχαιούς,Acc1.
1.375.t1,Ἀτρεΐδα,Acc1.
1.375.t2,δὲ,
1.375.t3,μάλιστα,
1.375.t4,δύω,
1.375.t5,κοσμήτορε,Acc1.
1.375.t6,λαῶν,Gen8.
1.376.t1,ἔνθ',
1.376.t2,ἄλλοι,Agr.
1.376.t3,μὲν,
1.376.t4,πάντες,Agr.
1.376.t5,ἐπευφήμησαν,
1.376.t6,Ἀχαιοὶ,Nom1.
1.377.t1,αἰδεῖσθαί,
1.377.t2,θ',
1.377.t3,ἱερῆα,Acc1.
1.377.t4,καὶ,
1.377.t5,ἀγλαὰ,Agr.
1.377.t6,δέχθαι,
1.377.t7,ἄποινα,Acc1.
1.378.t1,ἀλλ',
1.378.t2,οὐκ,
1.378.t3,Ἀτρεΐδῃ,Agr.
1.378.t4,Ἀγαμέμνονι,Dat2.
1.378.t5,ἥνδανε,Impf1.
1.378.t6,θυμῷ,Dat12.
1.379.t1,ἀλλὰ,
1.379.t2,κακῶς,
1.379.t3,ἀφίει,Impf1.
1.379.t4,κρατερὸν,Agr.
1.379.t5,δ',
1.379.t6,ἐπὶ,
1.379.t7,μῦθον,GBP.
1.379.t8,ἔτελλε,Impf1.
1.380.t1,χωόμενος,
1.380.t2,δ',
1.380.t3,ὁ,Agr.
1.380.t4,γέρων,Nom1.
1.380.t5,πάλιν,
1.380.t6,ᾤχετο,
1.380.t7,τοῖο,Gen10.
1.380.t8,δ',
1.380.t9,Ἀπόλλων,Nom1.
1.381.t1,εὐξαμένου,
1.381.t2,ἤκουσεν,
1.381.t3,ἐπεὶ,
1.381.t4,μάλα,
1.381.t5,οἱ,Dat14.
1.381.t6,φίλος,Nom2.
1.381.t7,ἦεν,Impf1.
1.382.t1,ἧκε,
1.382.t2,δ',
1.382.t3,ἐπ',Prep3.
1.382.t4,Ἀργείοισι,GBP.
1.382.t5,κακὸν,Agr.
1.382.t6,βέλος,Acc1.
1.382.t7,οἳ,Agr.
1.382.t8,δέ,
1.382.t9,νυ,
1.382.t10,λαοὶ,Nom1.
1.383.t1,θνῇσκον,Impf1.
1.383.t2,ἐπασσύτεροι,Agr.
1.383.t3,τὰ,Agr.
1.383.t4,δ',
1.383.t5,ἐπῴχετο,
1.383.t6,κῆλα,Nom1.
1.383.t7,θεοῖο,Gen1.
1.384.t1,πάντῃ,
1.384.t2,ἀνὰ,Prep3.
1.384.t3,στρατὸν,GBP.
1.384.t4,εὐρὺν,Agr.
1.384.t5,Ἀχαιῶν,Gen1.
1.384.t6,ἄμμι,Dat1.
1.384.t7,δὲ,
1.384.t8,μάντις,Nom1.
1.385.t1,εὖ,
1.385.t2,εἰδὼς,
1.385.t3,ἀγόρευε,Impf1.;Ind1.;Act1.
1.385.t4,θεοπροπίας,Acc1.
1.385.t5,ἑκάτοιο,Gen1.
1.386.t1,αὐτίκ',
1.386.t2,ἐγὼ,Nom1.
1.386.t3,πρῶτος,
1.386.t4,κελόμην,
1.386.t5,θεὸν,Acc1.
1.386.t6,ἱλάσκεσθαι,
1.387.t1,Ἀτρεΐωνα,Acc1.
1.387.t2,δ',
1.387.t3,ἔπειτα,
1.387.t4,χόλος,Nom1.
1.387.t5,λάβεν,
1.387.t6,αἶψα,
1.387.t7,δ',
1.387.t8,ἀναστὰς,
1.388.t1,ἠπείλησεν,
1.388.t2,μῦθον,Acc1.
1.388.t3,ὃ,Nom1.
1.388.t4,δὴ,
1.388.t5,τετελεσμένος,
1.388.t6,ἐστί,
1.389.t1,τὴν,Acc1.
1.389.t2,μὲν,
1.389.t3,γὰρ,
1.389.t4,σὺν,Prep1.
1.389.t5,νηῒ,GBP.
1.389.t6,θοῇ,Agr.
1.389.t7,ἑλίκωπες,Agr.
1.389.t8,Ἀχαιοὶ,Nom1.
1.390.t1,ἐς,Prep3.
1.390.t2,Χρύσην,GBP.
1.390.t3,πέμπουσιν,
1.390.t4,ἄγουσι,
1.390.t5,δὲ,
1.390.t6,δῶρα,Acc1.
1.390.t7,ἄνακτι,Dat1.
1.391.t1,τὴν,Acc1.
1.391.t2,δὲ,
1.391.t3,νέον,Acc8.
1.391.t4,κλισίηθεν,
1.391.t5,ἔβαν,
1.391.t6,κήρυκες,Nom1.
1.391.t7,ἄγοντες,
1.392.t1,κούρην,Acc1.
1.392.t2,Βρισῆος,Gen1.
1.392.t3,τήν,Acc1.
1.392.t4,μοι,Dat1.
1.392.t5,δόσαν,
1.392.t6,υἷες,Nom1.
1.392.t7,Ἀχαιῶν,Gen2.
1.393.t1,ἀλλὰ,
1.393.t2,σὺ,
1.393.t3,εἰ,
1.393.t4,δύνασαί,
1.393.t5,γε,
1.393.t6,περίσχεο,
1.393.t7,παιδὸς,Gen10.
1.393.t8,ἑῆος,Agr.
1.394.t1,ἐλθοῦσ',
1.394.t2,Οὔλυμπον,Acc7.
1.394.t3,δὲ,
1.394.t4,Δία,Acc1.
1.394.t5,λίσαι,
1.394.t6,εἴ,
1.394.t7,ποτε,
1.394.t8,δή,
1.394.t9,τι,
1.395.t1,ἢ,
1.395.t2,ἔπει,Dat8.
1.395.t3,ὤνησας,
1.395.t4,κραδίην,Acc1.
1.395.t5,Διὸς,Gen1.
1.395.t6,ἠὲ,
1.395.t7,καὶ,
1.395.t8,ἔργῳ,Dat8.
1.396.t1,πολλάκι,
1.396.t2,γάρ,
1.396.t3,σεο,Gen10.
1.396.t4,πατρὸς,Gen1.
1.396.t5,ἐνὶ,Prep3.
1.396.t6,μεγάροισιν,GBP.
1.396.t7,ἄκουσα,
1.397.t1,εὐχομένης,Agr.
1.397.t2,ὅτ',
1.397.t3,ἔφησθα,Impf1.
1.397.t4,κελαινεφέϊ,Agr.
1.397.t5,Κρονίωνι,Dat1.
1.398.t1,οἴη,
1.398.t2,ἐν,Prep3.
1.398.t3,ἀθανάτοισιν,GBP.
1.398.t4,ἀεικέα,Agr.
1.398.t5,λοιγὸν,Acc1.
1.398.t6,ἀμῦναι,
1.399.t1,ὁππότε,
1.399.t2,μιν,Acc1.
1.399.t3,ξυνδῆσαι,
1.399.t4,Ὀλύμπιοι,Nom1.
1.399.t5,ἤθελον,Impf1.
1.399.t6,ἄλλοι,Agr.
1.400.t1,Ἥρη,Nom1.
1.400.t2,τ',
1.400.t3,ἠδὲ,
1.400.t4,Ποσειδάων,Nom1.
1.400.t5,καὶ,
1.400.t6,Παλλὰς,Agr.
1.400.t7,Ἀθήνη,Nom1.
1.401.t1,ἀλλὰ,
1.401.t2,σὺ,
1.401.t3,τόν,Acc1.
1.401.t4,γ',
1.401.t5,ἐλθοῦσα,
1.401.t6,θεὰ,
1.401.t7,ὑπελύσαο,
1.401.t8,δεσμῶν,Gen10.
1.402.t1,ὦχ',
1.402.t2,ἑκατόγχειρον,Acc1.
1.402.t3,καλέσασ',
1.402.t4,ἐς,Prep3.
1.402.t5,μακρὸν,Agr.
1.402.t6,Ὄλυμπον,GBP.
1.403.t1,ὃν,Agr.
1.403.t2,Βριάρεων,Acc10.
1.403.t3,καλέουσι,
1.403.t4,θεοί,Nom1.
1.403.t5,ἄνδρες,Nom1.
1.403.t6,δέ,
1.403.t7,τε,
1.403.t8,πάντες,Agr.
1.404.t1,Αἰγαίων',Acc10.
1.404.t2,ὃ,Nom1.
1.404.t3,γὰρ,
1.404.t4,αὖτε,
1.404.t5,βίην,Acc4.
1.404.t6,οὗ,Agr.
1.404.t7,πατρὸς,Gen13.
1.404.t8,ἀμείνων,
1.405.t1,ὅς,Nom1.
1.405.t2,ῥα,
1.405.t3,παρὰ,Prep3.
1.405.t4,Κρονίωνι,GBP.
1.405.t5,καθέζετο,
1.405.t6,κύδεϊ,Dat9.
1.405.t7,γαίων,
1.406.t1,τὸν,Acc1.
1.406.t2,καὶ,
1.406.t3,ὑπέδεισαν,
1.406.t4,μάκαρες,Agr.
1.406.t5,θεοὶ,Nom1.
1.406.t6,οὐ,
1.406.t7,ἔτ',
1.406.t8,ἔδησαν,
1.407.t1,τῶν,Gen10.
1.407.t2,νῦν,
1.407.t3,μιν,Acc1.
1.407.t4,μνήσασα,
1.407.t5,παρέζεο,
1.407.t6,καὶ,
1.407.t7,λαβὲ,
1.407.t8,γούνων,Gen10.
1.408.t1,αἴ,
1.408.t2,κέν,
1.408.t3,πως,
1.408.t4,ἐθέλῃσιν,
1.408.t5,ἐπὶ,
1.408.t6,Τρώεσσιν,GBP.
1.408.t7,ἀρῆξαι,
1.409.t1,τοὺς,Agr.
1.409.t2,δὲ,
1.409.t3,κατὰ,Prep3.
1.409.t4,πρύμνας,GBP.
1.409.t5,τε,
1.409.t6,καὶ,
1.409.t7,ἀμφ',Prep3.
1.409.t8,ἅλα,
1.409.t9,ἔλσαι,
1.409.t10,Ἀχαιοὺς,Acc1.
1.410.t1,κτεινομένους,
1.410.t2,ἵνα,
1.410.t3,πάντες,Nom1.
1.410.t4,ἐπαύρωνται,
1.410.t5,βασιλῆος,Gen10.
1.411.t1,γνῷ,Aor12.;Subj.
1.411.t2,δὲ,
1.411.t3,καὶ,
1.411.t4,Ἀτρεΐδης,Agr.
1.411.t5,εὐρὺ,Acc6.
1.411.t6,κρείων,Agr.
1.411.t7,Ἀγαμέμνων,Nom1.
1.412.t1,ἣν,Agr.
1.412.t2,ἄτην,Acc1.
1.412.t3,ὅ,
1.412.t4,τ',
1.412.t5,ἄριστον,
1.412.t6,Ἀχαιῶν,Gen13.
1.412.t7,οὐδὲν,Acc8.
1.412.t8,ἔτισεν,
1.413.t1,τὸν,Acc1.
1.413.t2,δ',
1.413.t3,ἠμείβετ',Impf1.;Mid6.
1.413.t4,ἔπειτα,
1.413.t5,Θέτις,Nom1.
1.413.t6,κατὰ,
1.413.t7,δάκρυ,Acc1.
1.413.t8,χέουσα,
1.414.t1,ὤ,
1.414.t2,μοι,Dat4.
1.414.t3,τέκνον,
1.414.t4,ἐμόν,
1.414.t5,τί,Acc11.
1.414.t6,νύ,
1.414.t7,σ',Acc1.
1.414.t8,ἔτρεφον,Impf1.
1.414.t9,αἰνὰ,Acc8.
1.414.t10,τεκοῦσα,
1.415.t1,αἴθ',
1.415.t2,ὄφελες,
1.415.t3,παρὰ,Prep3.
1.415.t4,νηυσὶν,GBP.
1.415.t5,ἀδάκρυτος,Agr..
1.415.t6,καὶ,
1.415.t7,ἀπήμων,Agr..
1.416.t1,ἧσθαι,
1.416.t2,ἐπεί,
1.416.t3,νύ,
1.416.t4,τοι,Dat2.
1.416.t5,αἶσα,Nom2.
1.416.t6,μίνυνθά,
1.416.t7,περ,
1.416.t8,οὔ,
1.416.t9,τι,
1.416.t10,μάλα,
1.416.t11,δήν,
1.417.t1,νῦν,
1.417.t2,δ',
1.417.t3,ἅμα,
1.417.t4,τ',
1.417.t5,ὠκύμορος,Agr..
1.417.t6,καὶ,
1.417.t7,ὀϊζυρὸς,Agr..
1.417.t8,περὶ,Prep3.
1.417.t9,πάντων,GBP.
1.418.t1,ἔπλεο,
1.418.t2,τώ,
1.418.t3,σε,Acc1.
1.418.t4,κακῇ,Agr.
1.418.t5,αἴσῃ,Dat9.
1.418.t6,τέκον,
1.418.t7,ἐν,Prep3.
1.418.t8,μεγάροισι,GBP.
1.419.t1,τοῦτο,Agr.
1.419.t2,δέ,
1.419.t3,τοι,Dat1.
1.419.t4,ἐρέουσα,
1.419.t5,ἔπος,Acc1.
1.419.t6,Διὶ,Dat1.
1.419.t7,τερπικεραύνῳ,Agr.
1.420.t1,εἶμ',Pres4.
1.420.t2,αὐτὴ,Nom1.
1.420.t3,πρὸς,Prep3.
1.420.t4,Ὄλυμπον,GBP.
1.420.t5,ἀγάννιφον,Agr.
1.420.t6,αἴ,
1.420.t7,κε,
1.420.t8,πίθηται,Aor.;Subj.;Mid.
1.421.t1,ἀλλὰ,
1.421.t2,σὺ,
1.421.t3,μὲν,
1.421.t4,νῦν,
1.421.t5,νηυσὶ,Dat1.
1.421.t6,παρήμενος,
1.421.t7,ὠκυπόροισι,Agr.
1.422.t1,μήνι',
1.422.t2,Ἀχαιοῖσιν,Dat9.
1.422.t3,πολέμου,Gen10.
1.422.t4,δ',
1.422.t5,ἀποπαύεο,
1.422.t6,πάμπαν,
1.423.t1,Ζεὺς,Nom1.
1.423.t2,γὰρ,
1.423.t3,ἐς,Prep3.
1.423.t4,Ὠκεανὸν,GBP.
1.423.t5,μετ',Prep2.
1.423.t6,ἀμύμονας,Agr.
1.423.t7,Αἰθιοπῆας,GBP.
1.424.t1,χθιζὸς,
1.424.t2,ἔβη,
1.424.t3,κατὰ,Prep1.
1.424.t4,δαῖτα,GBP.
1.424.t5,θεοὶ,Nom1.
1.424.t6,δ',
1.424.t7,ἅμα,
1.424.t8,πάντες,Agr..
1.424.t9,ἕποντο,
1.425.t1,δωδεκάτῃ,Dat11.
1.425.t2,δέ,
1.425.t3,τοι,
1.425.t4,αὖτις,
1.425.t5,ἐλεύσεται,
1.425.t6,Οὔλυμπον,Acc7.
1.425.t7,δέ,
1.426.t1,καὶ,
1.426.t2,τότ',
1.426.t3,ἔπειτά,
1.426.t4,τοι,
1.426.t5,εἶμι,Pres4.
1.426.t6,Διὸς,Gen1.
1.426.t7,ποτὶ,Prep3.
1.426.t8,χαλκοβατὲς,Agr.
1.426.t9,δῶ,GBP.
1.427.t1,καί,
1.427.t2,μιν,Acc1.
1.427.t3,γουνάσομαι,
1.427.t4,καί,
1.427.t5,μιν,Acc1.
1.427.t6,πείσεσθαι,
1.427.t7,ὀΐω,
1.428.t1,ὣς,
1.428.t2,ἄρα,
1.428.t3,φωνήσασ',
1.428.t4,ἀπεβήσετο,
1.428.t5,τὸν,Acc1.
1.428.t6,δὲ,
1.428.t7,λίπ',
1.428.t8,αὐτοῦ,
1.429.t1,χωόμενον,
1.429.t2,κατὰ,Prep3.
1.429.t3,θυμὸν,GBP.
1.429.t4,ἐϋζώνοιο,Agr.
1.429.t5,γυναικὸς,Gen17.
1.430.t1,τήν,Acc1.
1.430.t2,ῥα,
1.430.t3,βίῃ,Dat8.
1.430.t4,ἀέκοντος,Partic3.
1.430.t5,ἀπηύρων,Impf1.
1.430.t6,αὐτὰρ,
1.430.t7,Ὀδυσσεὺς,Nom1.
1.431.t1,ἐς,Prep3.
1.431.t2,Χρύσην,GBP.
1.431.t3,ἵκανεν,Impf1.
1.431.t4,ἄγων,
1.431.t5,ἱερὴν,Agr.
1.431.t6,ἑκατόμβην,Acc1.
1.432.t1,οἳ,Nom1.
1.432.t2,δ',
1.432.t3,ὅτε,
1.432.t4,δὴ,
1.432.t5,λιμένος,GBP.
1.432.t6,πολυβενθέος,Agr.
1.432.t7,ἐντὸς,Prep3.
1.432.t8,ἵκοντο,
1.433.t1,ἱστία,Acc1.
1.433.t2,μὲν,
1.433.t3,στείλαντο,
1.433.t4,θέσαν,
1.433.t5,δ',
1.433.t6,ἐν,Prep3.
1.433.t7,νηῒ,GBP.
1.433.t8,μελαίνῃ,Agr.
1.434.t1,ἱστὸν,Acc1.
1.434.t2,δ',
1.434.t3,ἱστοδόκῃ,Dat12.
1.434.t4,πέλασαν,
1.434.t5,προτόνοισιν,Dat8.
1.434.t6,ὑφέντες,
1.435.t1,καρπαλίμως,
1.435.t2,τὴν,Acc1.
1.435.t3,δ',
1.435.t4,εἰς,Prep3.
1.435.t5,ὅρμον,GBP.
1.435.t6,προέρεσσαν,
1.435.t7,ἐρετμοῖς,Dat8.
1.436.t1,ἐκ,
1.436.t2,δ',
1.436.t3,εὐνὰς,Acc1.
1.436.t4,ἔβαλον,
1.436.t5,κατὰ,
1.436.t6,δὲ,
1.436.t7,πρυμνήσι',Acc1.
1.436.t8,ἔδησαν,
1.437.t1,ἐκ,
1.437.t2,δὲ,
1.437.t3,καὶ,
1.437.t4,αὐτοὶ,Nom1.
1.437.t5,βαῖνον,Impf1.
1.437.t6,ἐπὶ,Prep3.
1.437.t7,ῥηγμῖνι,GBP.
1.437.t8,θαλάσσης,Gen4.
1.438.t1,ἐκ,
1.438.t2,δ',
1.438.t3,ἑκατόμβην,Acc1.
1.438.t4,βῆσαν,
1.438.t5,ἑκηβόλῳ,Agr.
1.438.t6,Ἀπόλλωνι,Dat3.
1.439.t1,ἐκ,Prep3.
1.439.t2,δὲ,
1.439.t3,Χρυσηῒς,Nom1.
1.439.t4,νηὸς,GBP.
1.439.t5,βῆ,
1.439.t6,ποντοπόροιο,Agr.
1.440.t1,τὴν,Acc1.
1.440.t2,μὲν,
1.440.t3,ἔπειτ',
1.440.t4,ἐπὶ,Prep3.
1.440.t5,βωμὸν,GBP.
1.440.t6,ἄγων,
1.440.t7,πολύμητις,Agr.
1.440.t8,Ὀδυσσεὺς,Nom1.
1.441.t1,πατρὶ,Agr.
1.441.t2,φίλῳ,Agr.
1.441.t3,ἐν,Prep3.
1.441.t4,χερσὶ,GBP.
1.441.t5,τίθει,Impf1.
1.441.t6,καί,
1.441.t7,μιν,Acc1.
1.441.t8,προσέειπεν,
1.442.t1,ὦ,
1.442.t2,Χρύση,
1.442.t3,πρό,
1.442.t4,μ',GBP.
1.442.t5,ἔπεμψεν,
1.442.t6,ἄναξ,Agr.
1.442.t7,ἀνδρῶν,Gen8.
1.442.t8,Ἀγαμέμνων,Nom1.
1.443.t1,παῖδά,Acc1.
1.443.t2,τε,
1.443.t3,σοὶ,Dat2.
1.443.t4,ἀγέμεν,
1.443.t5,Φοίβῳ,Dat3.
1.443.t6,θ',
1.443.t7,ἱερὴν,Agr.
1.443.t8,ἑκατόμβην,Acc1.
1.444.t1,ῥέξαι,
1.444.t2,ὑπὲρ,Prep1.
1.444.t3,Δαναῶν,GBP.
1.444.t4,ὄφρ',
1.444.t5,ἱλασόμεσθα,
1.444.t6,ἄνακτα,Acc1.
1.445.t1,ὃς,Nom1.
1.445.t2,νῦν,
1.445.t3,Ἀργείοισι,Dat1.
1.445.t4,πολύστονα,Agr.
1.445.t5,κήδε',Acc1.
1.445.t6,ἐφῆκεν,
1.446.t1,ὣς,
1.446.t2,εἰπὼν,
1.446.t3,ἐν,Prep3.
1.446.t4,χερσὶ,GBP.
1.446.t5,τίθει,Impf1.
1.446.t6,ὃ,Nom1.
1.446.t7,δὲ,
1.446.t8,δέξατο,
1.446.t9,χαίρων,
1.447.t1,παῖδα,Acc1.
1.447.t2,φίλην,Agr.
1.447.t3,τοὶ,
1.447.t4,δ',
1.447.t5,ὦκα,
1.447.t6,θεῷ,Dat3.
1.447.t7,ἱερὴν,Agr.
1.447.t8,ἑκατόμβην,Acc1.
1.448.t1,ἑξείης,
1.448.t2,ἔστησαν,
1.448.t3,ἐΰδμητον,Agr.
1.448.t4,περὶ,Prep3.
1.448.t5,βωμόν,GBP.
1.449.t1,χερνίψαντο,
1.449.t2,δ',
1.449.t3,ἔπειτα,
1.449.t4,καὶ,
1.449.t5,οὐλοχύτας,Acc1.
1.449.t6,ἀνέλοντο,
1.450.t1,τοῖσιν,Dat12.
1.450.t2,δὲ,
1.450.t3,Χρύσης,Nom1.
1.450.t4,μεγάλ',Acc8.
1.450.t5,εὔχετο,
1.450.t6,χεῖρας,Acc1.
1.450.t7,ἀνασχών,
1.451.t1,κλῦθί,
1.451.t2,μευ,Gen10.
1.451.t3,ἀργυρότοξ',
1.451.t4,ὃς,Nom1.
1.451.t5,Χρύσην,Acc1.
1.451.t6,ἀμφιβέβηκας,
1.452.t1,Κίλλαν,Acc1.
1.452.t2,τε,
1.452.t3,ζαθέην,Agr.
1.452.t4,Τενέδοιό,Gen10.
1.452.t5,τε,
1.452.t6,ἶφι,
1.452.t7,ἀνάσσεις,
1.453.t1,ἦ,
1.453.t2,μὲν,
1.453.t3,δή,
1.453.t4,ποτ',
1.453.t5,ἐμεῦ,Gen10.
1.453.t6,πάρος,
1.453.t7,ἔκλυες,
1.453.t8,εὐξαμένοιο,Agr.
1.454.t1,τίμησας,
1.454.t2,μὲν,
1.454.t3,ἐμέ,Acc1.
1.454.t4,μέγα,Acc8.
1.454.t5,δ',
1.454.t6,ἴψαο,
1.454.t7,λαὸν,Acc1.
1.454.t8,Ἀχαιῶν,Gen4.
1.455.t1,ἠδ',
1.455.t2,ἔτι,
1.455.t3,καὶ,
1.455.t4,νῦν,
1.455.t5,μοι,Dat3.
1.455.t6,τόδ',Agr.
1.455.t7,ἐπικρήηνον,
1.455.t8,ἐέλδωρ,Acc1.
1.456.t1,ἤδη,
1.456.t2,νῦν,
1.456.t3,Δαναοῖσιν,
1.456.t4,ἀεικέα,Agr.
1.456.t5,λοιγὸν,Acc1.
1.456.t6,ἄμυνον,
1.457.t1,ὣς,
1.457.t2,ἔφατ',Imperf.;Mid.
1.457.t3,εὐχόμενος,
1.457.t4,τοῦ,Gen10.
1.457.t5,δ',
1.457.t6,ἔκλυε,Impf1.
1.457.t7,Φοῖβος,Agr.
1.457.t8,Ἀπόλλων,Nom1.
1.458.t1,αὐτὰρ,
1.458.t2,ἐπεί,
1.458.t3,ῥ',
1.458.t4,εὔξαντο,
1.458.t5,καὶ,
1.458.t6,οὐλοχύτας,Acc1.
1.458.t7,προβάλοντο,
1.459.t1,αὐέρυσαν,
1.459.t2,μὲν,
1.459.t3,πρῶτα,Acc8.
1.459.t4,καὶ,
1.459.t5,ἔσφαξαν,
1.459.t6,καὶ,
1.459.t7,ἔδειραν,
1.460.t1,μηρούς,Acc1.
1.460.t2,τ',
1.460.t3,ἐξέταμον,
1.460.t4,κατά,
1.460.t5,τε,
1.460.t6,κνίσῃ,Dat8.
1.460.t7,ἐκάλυψαν,
1.461.t1,δίπτυχα,Acc8.
1.461.t2,ποιήσαντες,
1.461.t3,ἐπ',Prep3.
1.461.t4,αὐτῶν,GBP.
1.461.t5,δ',
1.461.t6,ὠμοθέτησαν,
1.462.t1,καῖε,Impf1.
1.462.t2,δ',
1.462.t3,ἐπὶ,Prep3.
1.462.t4,σχίζῃς,GBP.
1.462.t5,ὁ,Agr.
1.462.t6,γέρων,Nom1.
1.462.t7,ἐπὶ,
1.462.t8,δ',
1.462.t9,αἴθοπα,Agr.
1.462.t10,οἶνον,Acc1.
1.463.t1,λεῖβε,Impf1.
1.463.t2,νέοι,Nom1.
1.463.t3,δὲ,
1.463.t4,παρ',Prep3.
1.463.t5,αὐτὸν,GBP.
1.463.t6,ἔχον,Impf1.
1.463.t7,πεμπώβολα,Acc1.
1.463.t8,χερσίν,Dat12.
1.464.t1,αὐτὰρ,
1.464.t2,ἐπεὶ,
1.464.t3,κατὰ,
1.464.t4,μῆρε,Nom1.
1.464.t5,κάη,
1.464.t6,καὶ,
1.464.t7,σπλάγχνα,Acc1.
1.464.t8,πάσαντο,
1.465.t1,μίστυλλόν,Impf1.
1.465.t2,τ',
1.465.t3,ἄρα,
1.465.t4,τἆλλα,Acc1.
1.465.t5,καὶ,
1.465.t6,ἀμφ',Prep3.
1.465.t7,ὀβελοῖσιν,GBP.
1.465.t8,ἔπειραν,
1.466.t1,ὤπτησάν,
1.466.t2,τε,
1.466.t3,περιφραδέως,
1.466.t4,ἐρύσαντό,
1.466.t5,τε,
1.466.t6,πάντα,Acc1.
1.467.t1,αὐτὰρ,
1.467.t2,ἐπεὶ,
1.467.t3,παύσαντο,
1.467.t4,πόνου,Gen10.
1.467.t5,τετύκοντό,
1.467.t6,τε,
1.467.t7,δαῖτα,Acc1.
1.468.t1,δαίνυντ',
1.468.t2,οὐ,
1.468.t3,τι,
1.468.t4,θυμὸς,Nom1.
1.468.t5,ἐδεύετο,
1.468.t6,δαιτὸς,Gen5.
1.468.t7,ἐΐσης,Agr.
1.469.t1,αὐτὰρ,
1.469.t2,ἐπεὶ,
1.469.t3,πόσιος,Gen11.
1.469.t4,καὶ,
1.469.t5,ἐδητύος,Gen11.
1.469.t6,ἐξ,
1.469.t7,ἔρον,Acc1.
1.469.t8,ἕντο,
1.470.t1,κοῦροι,Nom1.
1.470.t2,μὲν,
1.470.t3,κρητῆρας,Acc1.
1.470.t4,ἐπεστέψαντο,
1.470.t5,ποτοῖο,Gen5.
1.471.t1,νώμησαν,
1.471.t2,δ',
1.471.t3,ἄρα,
1.471.t4,πᾶσιν,Dat1.
1.471.t5,ἐπαρξάμενοι,
1.471.t6,δεπάεσσιν,Dat8.
1.472.t1,οἳ,Nom1.
1.472.t2,δὲ,
1.472.t3,πανημέριοι,
1.472.t4,μολπῇ,Dat8.
1.472.t5,θεὸν,Acc1.
1.472.t6,ἱλάσκοντο,
1.473.t1,καλὸν,Agr.
1.473.t2,ἀείδοντες,
1.473.t3,παιήονα,Acc1.
1.473.t4,κοῦροι,Nom1.
1.473.t5,Ἀχαιῶν,Gen2.
1.474.t1,μέλποντες,
1.474.t2,ἑκάεργον,Agr.
1.474.t3,ὃ,Nom1.
1.474.t4,δὲ,
1.474.t5,φρένα,Acc1.
1.474.t6,τέρπετ',
1.474.t7,ἀκούων,
1.475.t1,ἦμος,
1.475.t2,δ',
1.475.t3,ἠέλιος,Nom1.
1.475.t4,κατέδυ,
1.475.t5,καὶ,
1.475.t6,ἐπὶ,
1.475.t7,κνέφας,Nom1.
1.475.t8,ἦλθε,
1.476.t1,δὴ,
1.476.t2,τότε,
1.476.t3,κοιμήσαντο,
1.476.t4,παρὰ,Prep3.
1.476.t5,πρυμνήσια,GBP.
1.476.t6,νηός,Gen1.
1.477.t1,ἦμος,
1.477.t2,δ',
1.477.t3,ἠριγένεια,Agr.
1.477.t4,φάνη,
1.477.t5,ῥοδοδάκτυλος,Agr.
1.477.t6,Ἠώς,Nom1.
1.478.t1,καὶ,
1.478.t2,τότ',
1.478.t3,ἔπειτ',
1.478.t4,ἀνάγοντο,
1.478.t5,μετὰ,Prep3.
1.478.t6,στρατὸν,GBP.
1.478.t7,εὐρὺν,Agr.
1.478.t8,Ἀχαιῶν,Gen1.
1.479.t1,τοῖσιν,Dat1.
1.479.t2,δ',
1.479.t3,ἴκμενον,Agr.
1.479.t4,οὖρον,Acc1.
1.479.t5,ἵει,Impf1.
1.479.t6,ἑκάεργος,Agr.
1.479.t7,Ἀπόλλων,Nom1.
1.480.t1,οἳ,Nom1.
1.480.t2,δ',
1.480.t3,ἱστὸν,Acc1.
1.480.t4,στήσαντ',
1.480.t5,ἀνά,
1.480.t6,θ',
1.480.t7,ἱστία,Acc1.
1.480.t8,λευκὰ,Agr.
1.480.t9,πέτασσαν,
1.481.t1,ἐν,
1.481.t2,δ',
1.481.t3,ἄνεμος,Nom1.
1.481.t4,πρῆσεν,
1.481.t5,μέσον,Agr.
1.481.t6,ἱστίον,Acc1.
1.481.t7,ἀμφὶ,Prep3.
1.481.t8,δὲ,
1.481.t9,κῦμα,Nom1.
1.482.t1,στείρῃ,GBP.
1.482.t2,πορφύρεον,Agr.
1.482.t3,μεγάλ',Acc8.
1.482.t4,ἴαχε,Impf1.
1.482.t5,νηὸς,Agr.
1.482.t6,ἰούσης,Partic3.
1.483.t1,ἣ,Nom1.
1.483.t2,δ',
1.483.t3,ἔθεεν,Impf1.
1.483.t4,κατὰ,Prep3.
1.483.t5,κῦμα,GBP.
1.483.t6,διαπρήσσουσα,
1.483.t7,κέλευθον,Acc1.
1.484.t1,αὐτὰρ,
1.484.t2,ἐπεί,
1.484.t3,ῥ',
1.484.t4,ἵκοντο,
1.484.t5,κατὰ,Prep3.
1.484.t6,στρατὸν,GBP.
1.484.t7,εὐρὺν,Agr.
1.484.t8,Ἀχαιῶν,Gen1.
1.485.t1,νῆα,Acc1.
1.485.t2,μὲν,
1.485.t3,οἵ,Nom1.
1.485.t4,γε,
1.485.t5,μέλαιναν,Agr.
1.485.t6,ἐπ',Prep3.
1.485.t7,ἠπείροιο,GBP.
1.485.t8,ἔρυσσαν,
1.486.t1,ὑψοῦ,
1.486.t2,ἐπὶ,Prep3.
1.486.t3,ψαμάθοις,GBP.
1.486.t4,ὑπὸ,
1.486.t5,δ',
1.486.t6,ἕρματα,Acc1.
1.486.t7,μακρὰ,Agr.
1.486.t8,τάνυσσαν,
1.487.t1,αὐτοὶ,Nom1.
1.487.t2,δ',
1.487.t3,ἐσκίδναντο,
1.487.t4,κατὰ,Prep3.
1.487.t5,κλισίας,GBP.
1.487.t6,τε,
1.487.t7,νέας,
1.487.t8,τε,
1.488.t1,αὐτὰρ,
1.488.t2,ὃ,Nom1.
1.488.t3,μήνιε,Impf1.
1.488.t4,νηυσὶ,Dat1.
1.488.t5,παρήμενος,
1.488.t6,ὠκυπόροισι,Agr.
1.489.t1,διογενὴς,Agr.
1.489.t2,Πηλῆος,Gen1.
1.489.t3,υἱὸς,Agr.
1.489.t4,πόδας,Acc4.
1.489.t5,ὠκὺς,Agr.
1.489.t6,Ἀχιλλεύς,Nom1.
1.490.t1,οὔτέ,
1.490.t2,ποτ',
1.490.t3,εἰς,Prep3.
1.490.t4,ἀγορὴν,GBP.
1.490.t5,πωλέσκετο,
1.490.t6,κυδιάνειραν,Agr.
1.491.t1,οὔτέ,
1.491.t2,ποτ',
1.491.t3,ἐς,Prep3.
1.491.t4,πόλεμον,GBP.
1.491.t5,ἀλλὰ,
1.491.t6,φθινύθεσκε,Impf1.
1.491.t7,φίλον,Agr.
1.491.t8,κῆρ,Acc1.
1.492.t1,αὖθι,
1.492.t2,μένων,
1.492.t3,ποθέεσκε,Impf1.
1.492.t4,δ',
1.492.t5,ἀϋτήν,Acc1.
1.492.t6,τε,
1.492.t7,πτόλεμόν,Acc1.
1.492.t8,τε,
1.493.t1,ἀλλ',
1.493.t2,ὅτε,
1.493.t3,δή,
1.493.t4,ῥ',
1.493.t5,ἐκ,Prep7.
1.493.t6,τοῖο,GBP.
1.493.t7,δυωδεκάτη,Agr.
1.493.t8,γένετ',
1.493.t9,ἠώς,Nom1.
1.494.t1,καὶ,
1.494.t2,τότε,
1.494.t3,δὴ,
1.494.t4,πρὸς,Prep3.
1.494.t5,Ὄλυμπον,GBP.
1.494.t6,ἴσαν,Impf1.
1.494.t7,θεοὶ,Nom1.
1.494.t8,αἰὲν,
1.494.t9,ἐόντες,
1.495.t1,πάντες,Agr.
1.495.t2,ἅμα,
1.495.t3,Ζεὺς,
1.495.t4,δ',
1.495.t5,ἦρχε,Impf1.
1.495.t6,Θέτις,Nom1.
1.495.t7,δ',
1.495.t8,οὐ,
1.495.t9,λήθετ',
1.495.t10,ἐφετμέων,Gen10.
1.496.t1,παιδὸς,Gen1.
1.496.t2,ἑοῦ,Agr.
1.496.t3,ἀλλ',
1.496.t4,ἥ,Nom1.
1.496.t5,γ',
1.496.t6,ἀνεδύσετο,
1.496.t7,κῦμα,Acc1.
1.496.t8,θαλάσσης,Gen4.
1.497.t1,ἠερίη,
1.497.t2,δ',
1.497.t3,ἀνέβη,
1.497.t4,μέγαν,Agr.
1.497.t5,οὐρανὸν,Acc1.
1.497.t6,Οὔλυμπόν,Acc1.
1.497.t7,τε,
1.498.t1,εὗρεν,
1.498.t2,δ',
1.498.t3,εὐρύοπα,Agr.
1.498.t4,Κρονίδην,Acc1.
1.498.t5,ἄτερ,Prep3.
1.498.t6,ἥμενον,Agr.
1.498.t7,ἄλλων,GBP.
1.499.t1,ἀκροτάτῃ,Agr.
1.499.t2,κορυφῇ,Dat12.
1.499.t3,πολυδειράδος,Agr.
1.499.t4,Οὐλύμποιο,Gen1.
1.500.t1,καί,
1.500.t2,ῥα,
1.500.t3,πάροιθ',Prep3.
1.500.t4,αὐτοῖο,GBP.
1.500.t5,καθέζετο,
1.500.t6,καὶ,
1.500.t7,λάβε,
1.500.t8,γούνων,Gen10.
1.501.t1,σκαιῇ,Dat8.
1.501.t2,δεξιτερῇ,Dat8.
1.501.t3,δ',
1.501.t4,ἄρ',
1.501.t5,ὑπ',Prep3.
1.501.t6,ἀνθερεῶνος,GBP.
1.501.t7,ἑλοῦσα,
1.502.t1,λισσομένη,
1.502.t2,προσέειπε,
1.502.t3,Δία,Acc1.
1.502.t4,Κρονίωνα,Agr.
1.502.t5,ἄνακτα,Agr.
1.503.t1,Ζεῦ,
1.503.t2,πάτερ,
1.503.t3,εἴ,
1.503.t4,ποτε,
1.503.t5,δή,
1.503.t6,σε,Acc1.
1.503.t7,μετ',Prep3.
1.503.t8,ἀθανάτοισιν,GBP.
1.503.t9,ὄνησα,
1.504.t1,ἢ,
1.504.t2,ἔπει,Dat8.
1.504.t3,ἢ,
1.504.t4,ἔργῳ,Dat8.
1.504.t5,τόδε,
1.504.t6,μοι,Dat3.
1.504.t7,κρήηνον,
1.504.t8,ἐέλδωρ,Acc1.
1.505.t1,τίμησόν,
1.505.t2,μοι,Dat2.
1.505.t3,υἱὸν,Acc1.
1.505.t4,ὃς,Nom1.
1.505.t5,ὠκυμορώτατος,Nom2.
1.505.t6,ἄλλων,Gen13.
1.506.t1,ἔπλετ',
1.506.t2,ἀτάρ,
1.506.t3,μιν,Acc1.
1.506.t4,νῦν,
1.506.t5,γε,Agr.
1.506.t6,ἄναξ,
1.506.t7,ἀνδρῶν,Gen8.
1.506.t8,Ἀγαμέμνων,Nom1.
1.507.t1,ἠτίμησεν,
1.507.t2,ἑλὼν,
1.507.t3,γὰρ,
1.507.t4,ἔχει,
1.507.t5,γέρας,Acc1.
1.507.t6,αὐτὸς,Nom1.
1.507.t7,ἀπούρας,
1.508.t1,ἀλλὰ,
1.508.t2,σύ,
1.508.t3,πέρ,
1.508.t4,μιν,Acc1.
1.508.t5,τῖσον,
1.508.t6,Ὀλύμπιε,
1.508.t7,μητίετα,
1.508.t8,Ζεῦ,
1.509.t1,τόφρα,
1.509.t2,δ',
1.509.t3,ἐπὶ,Prep4.
1.509.t4,Τρώεσσι,GBP.
1.509.t5,τίθει,
1.509.t6,κράτος,Acc1.
1.509.t7,ὄφρ',
1.509.t8,ἂν,
1.509.t9,Ἀχαιοὶ,Nom1.
1.510.t1,υἱὸν,Acc1.
1.510.t2,ἐμὸν,Agr.
1.510.t3,τίσωσιν,Aor12.;Subj.
1.510.t4,ὀφέλλωσίν,Aor12.;Subj.
1.510.t5,τέ,
1.510.t6,ἑ,Acc1.
1.510.t7,τιμῇ,Dat8.;Dat6.
1.511.t1,ὣς,
1.511.t2,φάτο,
1.511.t3,τὴν,Acc10.
1.511.t4,δ',
1.511.t5,οὔ,
1.511.t6,τι,Acc1.
1.511.t7,προσέφη,Impf1.
1.511.t8,νεφεληγερέτα,Agr.
1.511.t9,Ζεύς,Nom1.
1.512.t1,ἀλλ',
1.512.t2,ἀκέων,Agr.
1.512.t3,δὴν,
1.512.t4,ἧστο,Pluperf.
1.512.t5,Θέτις,Nom1.
1.512.t6,δ',
1.512.t7,ὡς,
1.512.t8,ἥψατο,
1.512.t9,γούνων,Gen10.
1.513.t1,ὣς,
1.513.t2,ἔχετ',
1.513.t3,ἐμπεφυυῖα,
1.513.t4,καὶ,
1.513.t5,εἴρετο,
1.513.t6,δεύτερον,Acc8.
1.513.t7,αὖτις,
1.514.t1,νημερτὲς,Acc8.
1.514.t2,μὲν,
1.514.t3,δή,
1.514.t4,μοι,Dat1.
1.514.t5,ὑπόσχεο,
1.514.t6,καὶ,
1.514.t7,κατάνευσον,
1.515.t1,ἢ,
1.515.t2,ἀπόειπ',
1.515.t3,ἐπεὶ,
1.515.t4,οὔ,
1.515.t5,τοι,Dat2.
1.515.t6,ἔπι,
1.515.t7,δέος,Nom1.
1.515.t8,ὄφρ',
1.515.t9,ἐῢ,
1.515.t10,εἰδέω,
1.516.t1,ὅσσον,Acc8.
1.516.t2,ἐγὼ,Nom1.
1.516.t3,μετὰ,Prep3.
1.516.t4,πᾶσιν,GBP.
1.516.t5,ἀτιμοτάτη,
1.516.t6,θεός,Nom2.
1.516.t7,εἰμι,
1.517.t1,τὴν,Acc1.
1.517.t2,δὲ,
1.517.t3,μέγ',Acc8.
1.517.t4,ὀχθήσας,
1.517.t5,προσέφη,Impf1.
1.517.t6,νεφεληγερέτα,Agr.
1.517.t7,Ζεύς,Nom1.
1.518.t1,ἦ,
1.518.t2,δὴ,
1.518.t3,λοίγια,Agr.
1.518.t4,ἔργ',Nom1.
1.518.t5,ὅ,
1.518.t6,τέ,
1.518.t7,μ',Acc1.
1.518.t8,ἐχθοδοπῆσαι,
1.518.t9,ἐφήσεις,
1.519.t1,Ἥρῃ,Dat1.
1.519.t2,ὅτ',
1.519.t3,ἄν,
1.519.t4,μ',Acc1.
1.519.t5,ἐρέθῃσιν,
1.519.t6,ὀνειδείοις,Agr.
1.519.t7,ἐπέεσσιν,Dat8.
1.520.t1,ἣ,
1.520.t2,δὲ,
1.520.t3,καὶ,
1.520.t4,αὔτως,
1.520.t5,μ',Acc1.
1.520.t6,αἰεὶ,
1.520.t7,ἐν,Prep3.
1.520.t8,ἀθανάτοισι,Agr.
1.520.t9,θεοῖσι,
1.521.t1,νεικεῖ,
1.521.t2,καί,
1.521.t3,τέ,
1.521.t4,μέ,Acc1.
1.521.t5,φησι,
1.521.t6,μάχῃ,Dat12.
1.521.t7,Τρώεσσιν,Dat1.
1.521.t8,ἀρήγειν,
1.522.t1,ἀλλὰ,
1.522.t2,σὺ,
1.522.t3,μὲν,
1.522.t4,νῦν,
1.522.t5,αὖτις,
1.522.t6,ἀπόστιχε,
1.522.t7,μή,
1.522.t8,τι,Acc1.
1.522.t9,νοήσῃ,Aor12.;Subj.
1.523.t1,Ἥρη,
1.523.t2,ἐμοὶ,Dat1.
1.523.t3,δέ,
1.523.t4,κε,
1.523.t5,ταῦτα,Nom1.
1.523.t6,μελήσεται,
1.523.t7,ὄφρα,
1.523.t8,τελέσσω,Aor12.;Subj.
1.524.t1,εἰ,
1.524.t2,δ',
1.524.t3,ἄγε,
1.524.t4,τοι,Dat1.
1.524.t5,κεφαλῇ,Dat8.
1.524.t6,κατανεύσομαι,
1.524.t7,ὄφρα,
1.524.t8,πεποίθῃς,
1.525.t1,τοῦτο,Nom1.
1.525.t2,γὰρ,
1.525.t3,ἐξ,Prep1.
1.525.t4,ἐμέθεν,GBP.
1.525.t5,γε,
1.525.t6,μετ',Prep3.
1.525.t7,ἀθανάτοισι,GBP.
1.525.t8,μέγιστον,Agr.
1.526.t1,τέκμωρ,Nom1.
1.526.t2,οὐ,
1.526.t3,γὰρ,
1.526.t4,ἐμὸν,
1.526.t5,παλινάγρετον,
1.526.t6,οὐ,
1.526.t7,ἀπατηλὸν,
1.527.t1,οὐ,
1.527.t2,ἀτελεύτητον,
1.527.t3,ὅ,Acc1.
1.527.t4,τί,Agr.
1.527.t5,κεν,
1.527.t6,κεφαλῇ,Dat8.
1.527.t7,κατανεύσω,Aor12.;Subj.
1.528.t1,ἦ,Impf1.
1.528.t2,καὶ,
1.528.t3,κυανέῃσιν,Agr.
1.528.t4,ἐπ',Prep1.
1.528.t5,ὀφρύσι,GBP.
1.528.t6,νεῦσε,
1.528.t7,Κρονίων,Nom1.
1.529.t1,ἀμβρόσιαι,Agr.
1.529.t2,δ',
1.529.t3,ἄρα,
1.529.t4,χαῖται,Nom1.
1.529.t5,ἐπερρώσαντο,
1.529.t6,ἄνακτος,Gen1.
1.530.t1,κρατὸς,GBP.
1.530.t2,ἀπ',Prep3.
1.530.t3,ἀθανάτοιο,Agr.
1.530.t4,μέγαν,Agr.
1.530.t5,δ',
1.530.t6,ἐλέλιξεν,
1.530.t7,Ὄλυμπον,Acc1.
1.531.t1,τώ,Nom1.
1.531.t2,γ',
1.531.t3,ὣς,
1.531.t4,βουλεύσαντε,
1.531.t5,διέτμαγεν,
1.531.t6,ἣ,Nom1.
1.531.t7,μὲν,
1.531.t8,ἔπειτα,
1.532.t1,εἰς,Prep3.
1.532.t2,ἅλα,GBP.
1.532.t3,ἆλτο,
1.532.t4,βαθεῖαν,Agr.
1.532.t5,ἀπ',Prep3.
1.532.t6,αἰγλήεντος,Agr.
1.532.t7,Ὀλύμπου,GBP.
1.533.t1,Ζεὺς,Nom1.
1.533.t2,δὲ,
1.533.t3,ἑὸν,Agr.
1.533.t4,πρὸς,Prep3.
1.533.t5,δῶμα,GBP.
1.533.t6,θεοὶ,Nom1.
1.533.t7,δ',
1.533.t8,ἅμα,
1.533.t9,πάντες,Agr.
1.533.t10,ἀνέσταν,
1.534.t1,ἐξ,Prep3.
1.534.t2,ἑδέων,GBP.
1.534.t3,σφοῦ,Agr.
1.534.t4,πατρὸς,GBP.
1.534.t5,ἐναντίον,Prep3.
1.534.t6,οὐ,
1.534.t7,τις,Nom1.
1.534.t8,ἔτλη,Impf1.
1.535.t1,μεῖναι,
1.535.t2,ἐπερχόμενον,
1.535.t3,ἀλλ',
1.535.t4,ἀντίοι,
1.535.t5,ἔσταν,
1.535.t6,ἅπαντες,Nom1.
1.536.t1,ὣς,
1.536.t2,ὃ,Nom1.
1.536.t3,μὲν,
1.536.t4,ἔνθα,
1.536.t5,καθέζετ',
1.536.t6,ἐπὶ,Prep3.
1.536.t7,θρόνου,GBP.
1.536.t8,οὐ,
1.536.t9,μιν,Acc1.
1.536.t10,Ἥρη,Nom1.
1.537.t1,ἠγνοίησεν,
1.537.t2,ἰδοῦσ',
1.537.t3,ὅτι,
1.537.t4,οἱ,Dat1.
1.537.t5,συμφράσσατο,
1.537.t6,βουλὰς,Acc1.
1.538.t1,ἀργυρόπεζα,Agr.
1.538.t2,Θέτις,Nom1.
1.538.t3,θυγάτηρ,Agr.
1.538.t4,ἁλίοιο,Agr.
1.538.t5,γέροντος,Gen1.
1.539.t1,αὐτίκα,
1.539.t2,κερτομίοισι,Dat7.
1.539.t3,Δία,Acc1.
1.539.t4,Κρονίωνα,Agr.
1.539.t5,προσηύδα,Impf1.
1.540.t1,τίς,Nom1.
1.540.t2,δ',
1.540.t3,αὖ,
1.540.t4,τοι,Dat1.
1.540.t5,δολομῆτα,Voc1.
1.540.t6,θεῶν,Gen2.
1.540.t7,συμφράσσατο,
1.540.t8,βουλάς,Acc1.
1.541.t1,αἰεί,
1.541.t2,τοι,Dat14.
1.541.t3,φίλον,Nom2.
1.541.t4,ἐστὶν,
1.541.t5,ἐμεῦ,GBP.
1.541.t6,ἀπὸ,Prep3.
1.541.t7,νόσφιν,
1.541.t8,ἐόντα,
1.542.t1,κρυπτάδια,
1.542.t2,φρονέοντα,
1.542.t3,δικαζέμεν,
1.542.t4,οὐ,
1.542.t5,τί,
1.542.t6,πώ,
1.542.t7,μοι,Dat1.
1.543.t1,πρόφρων,Agr.
1.543.t2,τέτληκας,
1.543.t3,εἰπεῖν,
1.543.t4,ἔπος,Acc1.
1.543.t5,ὅττι,Agr.
1.543.t6,νοήσῃς,Aor12.;Subj.
1.544.t1,τὴν,Acc1.
1.544.t2,δ',
1.544.t3,ἠμείβετ',Impf1.;Mid6.
1.544.t4,ἔπειτα,
1.544.t5,πατὴρ,Nom1.
1.544.t6,ἀνδρῶν,Gen1.
1.544.t7,τε,
1.544.t8,θεῶν,Gen1.
1.544.t9,τε,
1.545.t1,Ἥρη,
1.545.t2,μὴ,
1.545.t3,δὴ,
1.545.t4,πάντας,Agr.
1.545.t5,ἐμοὺς,Agr.
1.545.t6,ἐπιέλπεο,
1.545.t7,μύθους,Acc1.
1.546.t1,εἰδήσειν,
1.546.t2,χαλεποί,
1.546.t3,τοι,Dat14.
1.546.t4,ἔσοντ',
1.546.t5,ἀλόχῳ,Agr.
1.546.t6,περ,
1.546.t7,ἐούσῃ,Agr.
1.547.t1,ἀλλ',
1.547.t2,ὃν,Acc1.
1.547.t3,μέν,
1.547.t4,κ',
1.547.t5,ἐπιεικὲς,Nom2.
1.547.t6,ἀκουέμεν,
1.547.t7,οὔ,
1.547.t8,τις,Nom1.
1.547.t9,ἔπειτα,
1.548.t1,οὔ,
1.548.t2,θεῶν,Gen2.
1.548.t3,πρότερος,
1.548.t4,τὸν,Acc1.
1.548.t5,εἴσεται,
1.548.t6,οὔ,
1.548.t7,ἀνθρώπων,Gen2.
1.549.t1,ὃν,Acc1.
1.549.t2,δέ,
1.549.t3,κ',
1.549.t4,ἐγὼν,Nom1.
1.549.t5,ἀπάνευθε,Prep3.
1.549.t6,θεῶν,
1.549.t7,ἐθέλωμι,
1.549.t8,νοῆσαι,
1.550.t1,μή,
1.550.t2,τι,
1.550.t3,σὺ,
1.550.t4,ταῦτα,Acc1.
1.550.t5,ἕκαστα,Agr.
1.550.t6,διείρεο,
1.550.t7,μη,
1.550.t8,μετάλλα,
1.551.t1,τὸν,Acc1.
1.551.t2,δ',
1.551.t3,ἠμείβετ',Impf1.;Mid6.
1.551.t4,ἔπειτα,
1.551.t5,βοῶπις,Agr.
1.551.t6,πότνια,Agr.
1.551.t7,Ἥρη,Nom1.
1.552.t1,αἰνότατε,
1.552.t2,Κρονίδη,
1.552.t3,ποῖον,Agr.
1.552.t4,τὸν,Agr.
1.552.t5,μῦθον,Acc1.
1.552.t6,ἔειπες,
1.553.t1,καὶ,
1.553.t2,λίην,
1.553.t3,σε,Acc1.
1.553.t4,πάρος,
1.553.t5,γ',
1.553.t6,οὔ,
1.553.t7,εἴρομαι,
1.553.t8,οὔ,
1.553.t9,μεταλλῶ,
1.554.t1,ἀλλὰ,
1.554.t2,μάλ',
1.554.t3,εὔκηλος,Agr..
1.554.t4,τὰ,Acc1.
1.554.t5,φράζεαι,
1.554.t6,ἅσσ',Acc1.
1.554.t7,ἐθέλῃσθα,
1.555.t1,νῦν,
1.555.t2,δ',
1.555.t3,αἰνῶς,
1.555.t4,δείδοικα,
1.555.t5,κατὰ,Prep3.
1.555.t6,φρένα,GBP.
1.555.t7,μή,
1.555.t8,σε,Acc1.
1.555.t9,παρείπῃ,Aor12.;Subj.
1.556.t1,ἀργυρόπεζα,Agr.
1.556.t2,Θέτις,Nom1.
1.556.t3,θυγάτηρ,Agr.
1.556.t4,ἁλίοιο,Agr.
1.556.t5,γέροντος,Gen1.
1.557.t1,ἠερίη,
1.557.t2,γὰρ,
1.557.t3,σοί,Dat1.
1.557.t4,γε,
1.557.t5,παρέζετο,
1.557.t6,καὶ,
1.557.t7,λάβε,
1.557.t8,γούνων,Gen10.
1.558.t1,τῇ,Dat1.
1.558.t2,σ',
1.558.t3,ὀΐω,
1.558.t4,κατανεῦσαι,
1.558.t5,ἐτήτυμον,Acc8.
1.558.t6,ὡς,
1.558.t7,Ἀχιλῆα,Acc1.
1.559.t1,τιμήσῃς,Aor12.;Subj.
1.559.t2,ὀλέσῃς,Aor12.;Subj.
1.559.t3,δὲ,
1.559.t4,πολέας,Acc1.
1.559.t5,ἐπὶ,Prep3.
1.559.t6,νηυσὶν,GBP.
1.559.t7,Ἀχαιῶν,Gen1.
1.560.t1,τὴν,Acc1.
1.560.t2,δ',
1.560.t3,ἀπαμειβόμενος,
1.560.t4,προσέφη,Impf1.
1.560.t5,νεφεληγερέτα,Agr.
1.560.t6,Ζεύς,Nom1.
1.561.t1,δαιμονίη,
1.561.t2,αἰεὶ,
1.561.t3,μὲν,
1.561.t4,ὀΐεαι,
1.561.t5,οὐ,
1.561.t6,σε,
1.561.t7,λήθω,
1.562.t1,πρῆξαι,
1.562.t2,δ',
1.562.t3,ἔμπης,
1.562.t4,οὔ,
1.562.t5,τι,Acc1.
1.562.t6,δυνήσεαι,
1.562.t7,ἀλλ',
1.562.t8,ἀπὸ,Prep3.
1.562.t9,θυμοῦ,GBP.
1.563.t1,μᾶλλον,
1.563.t2,ἐμοὶ,Agr.
1.563.t3,ἔσεαι,
1.563.t4,τὸ,Nom1.
1.563.t5,δέ,
1.563.t6,τοι,Dat14.
1.563.t7,καὶ,
1.563.t8,ῥίγιον,
1.563.t9,ἔσται,
1.564.t1,εἰ,
1.564.t2,δ',
1.564.t3,οὕτω,
1.564.t4,τοῦτ',Nom1.
1.564.t5,ἐστὶν,
1.564.t6,ἐμοὶ,Dat14.
1.564.t7,μέλλει,
1.564.t8,φίλον,Nom2.
1.564.t9,εἶναι,
1.565.t1,ἀλλ',
1.565.t2,ἀκέουσα,Agr..
1.565.t3,κάθησο,
1.565.t4,ἐμῷ,Agr.
1.565.t5,δ',
1.565.t6,ἐπιπείθεο,
1.565.t7,μύθῳ,Dat1.
1.566.t1,μή,
1.566.t2,νύ,
1.566.t3,τοι,Dat1.
1.566.t4,οὐ,
1.566.t5,χραίσμωσιν,
1.566.t6,ὅσοι,Agr.
1.566.t7,θεοί,Nom1.
1.566.t8,εἰσ',
1.566.t9,ἐν,Prep3.
1.566.t10,Ὀλύμπῳ,GBP.
1.567.t1,ἆσσον,
1.567.t2,ἰόνθ',
1.567.t3,ὅτε,
1.567.t4,κέν,
1.567.t5,τοι,Dat1.
1.567.t6,ἀάπτους,Agr.
1.567.t7,χεῖρας,Acc1.
1.567.t8,ἐφείω,Aor12.;Subj.
1.568.t1,ὣς,
1.568.t2,ἔφατ',Imperf.;Mid.
1.568.t3,ἔδεισεν,
1.568.t4,δὲ,
1.568.t5,βοῶπις,Agr.
1.568.t6,πότνια,Agr.
1.568.t7,Ἥρη,Nom1.
1.569.t1,καί,
1.569.t2,ῥ',
1.569.t3,ἀκέουσα,Agr.
1.569.t4,καθῆστο,Pluperf.
1.569.t5,ἐπιγνάμψασα,
1.569.t6,φίλον,Agr.
1.569.t7,κῆρ,Acc1.
1.570.t1,ὄχθησαν,
1.570.t2,δ',
1.570.t3,ἀνὰ,Prep3.
1.570.t4,δῶμα,GBP.
1.570.t5,Διὸς,Gen1.
1.570.t6,θεοὶ,Nom1.
1.570.t7,Οὐρανίωνες,Agr.
1.571.t1,τοῖσιν,Dat12.
1.571.t2,δ',
1.571.t3,Ἥφαιστος,Nom1.
1.571.t4,κλυτοτέχνης,Agr.
1.571.t5,ἦρχ',Impf1.
1.571.t6,ἀγορεύειν,
1.572.t1,μητρὶ,Dat1.
1.572.t2,φίλῃ,Agr.
1.572.t3,ἐπίηρα,Acc1.
1.572.t4,φέρων,
1.572.t5,λευκωλένῳ,Agr.
1.572.t6,Ἥρῃ,Agr.
1.573.t1,ἦ,
1.573.t2,δὴ,
1.573.t3,λοίγια,Nom2.
1.573.t4,ἔργα,Nom1.
1.573.t5,τάδ',Agr.
1.573.t6,ἔσσεται,
1.573.t7,οὐ,
1.573.t8,ἔτ',
1.573.t9,ἀνεκτά,Agr..
1.574.t1,εἰ,
1.574.t2,δὴ,
1.574.t3,σφὼ,
1.574.t4,ἕνεκα,Prep1.
1.574.t5,θνητῶν,GBP.
1.574.t6,ἐριδαίνετον,
1.574.t7,ὧδε,
1.575.t1,ἐν,Prep3.
1.575.t2,δὲ,
1.575.t3,θεοῖσι,GBP.
1.575.t4,κολῳὸν,Acc1.
1.575.t5,ἐλαύνετον,
1.575.t6,οὐ,
1.575.t7,τι,
1.575.t8,δαιτὸς,
1.576.t1,ἐσθλῆς,
1.576.t2,ἔσσεται,
1.576.t3,ἦδος,Nom1.
1.576.t4,ἐπεὶ,
1.576.t5,τὰ,Agr.
1.576.t6,χερείονα,Nom1.
1.576.t7,νικᾷ,
1.577.t1,μητρὶ,Dat1.
1.577.t2,δ',
1.577.t3,ἐγὼ,Nom1.
1.577.t4,παράφημι,
1.577.t5,καὶ,
1.577.t6,αὐτῇ,Agr.
1.577.t7,περ,
1.577.t8,νοεούσῃ,Agr.
1.578.t1,πατρὶ,Dat1.
1.578.t2,φίλῳ,Agr.
1.578.t3,ἐπίηρα,Acc1.
1.578.t4,φέρειν,
1.578.t5,Διί,Dat1.
1.578.t6,ὄφρα,
1.578.t7,μὴ,
1.578.t8,αὖτε,
1.579.t1,νεικείῃσι,
1.579.t2,πατήρ,Nom1.
1.579.t3,σὺν,
1.579.t4,δ',
1.579.t5,ἡμῖν,Dat2.
1.579.t6,δαῖτα,Acc1.
1.579.t7,ταράξῃ,
1.580.t1,εἴ,
1.580.t2,περ,
1.580.t3,γάρ,
1.580.t4,κ',
1.580.t5,ἐθέλῃσιν,
1.580.t6,Ὀλύμπιος,Agr.
1.580.t7,ἀστεροπητὴς,Nom1.
1.581.t1,ἐξ,Prep3.
1.581.t2,ἑδέων,GBP.
1.581.t3,στυφελίξαι,
1.581.t4,ὃ,Nom1.
1.581.t5,γὰρ,
1.581.t6,πολὺ,Acc8.
1.581.t7,φέρτατός,Nom2.
1.581.t8,ἐστιν,
1.582.t1,ἀλλὰ,
1.582.t2,σὺ,
1.582.t3,τὸν,Acc1.
1.582.t4,ἐπέεσσι,Dat8.
1.582.t5,καθάπτεσθαι,Inf6.
1.582.t6,μαλακοῖσιν,Agr.
1.583.t1,αὐτίκ',
1.583.t2,ἔπειθ',
1.583.t3,ἵλαος,Agr.
1.583.t4,Ὀλύμπιος,Nom1.
1.583.t5,ἔσσεται,
1.583.t6,ἡμῖν,Dat1.
1.584.t1,ὣς,
1.584.t2,ἄρ',
1.584.t3,ἔφη,Impf1.
1.584.t4,καὶ,
1.584.t5,ἀναΐξας,
1.584.t6,δέπας,Acc1.
1.584.t7,ἀμφικύπελλον,Agr.
1.585.t1,μητρὶ,Dat1.
1.585.t2,φίλῃ,Agr.
1.585.t3,ἐν,Prep3.
1.585.t4,χειρὶ,GBP.
1.585.t5,τίθει,
1.585.t6,καί,
1.585.t7,μιν,Acc1.
1.585.t8,προσέειπε,
1.586.t1,τέτλαθι,
1.586.t2,μῆτερ,
1.586.t3,ἐμή,
1.586.t4,καὶ,
1.586.t5,ἀνάσχεο,
1.586.t6,κηδομένη,
1.586.t7,περ,
1.587.t1,μή,
1.587.t2,σε,
1.587.t3,φίλην,Acc10.
1.587.t4,περ,
1.587.t5,ἐοῦσαν,
1.587.t6,ἐν,Prep3.
1.587.t7,ὀφθαλμοῖσιν,GBP.
1.587.t8,ἴδωμαι,
1.588.t1,θεινομένην,Acc1.
1.588.t2,τότε,
1.588.t3,δ',
1.588.t4,οὔ,
1.588.t5,τι,
1.588.t6,δυνήσομαι,
1.588.t7,ἀχνύμενός,
1.588.t8,περ,
1.589.t1,χραισμεῖν,
1.589.t2,ἀργαλέος,Nom2.
1.589.t3,γὰρ,
1.589.t4,Ὀλύμπιος,Nom1.
1.589.t5,ἀντιφέρεσθαι,
1.590.t1,ἤδη,
1.590.t2,γάρ,
1.590.t3,με,Acc1.
1.590.t4,καὶ,
1.590.t5,ἄλλοτ',
1.590.t6,ἀλεξέμεναι,
1.590.t7,μεμαῶτα,
1.591.t1,ῥῖψε,
1.591.t2,ποδὸς,
1.591.t3,τεταγὼν,
1.591.t4,ἀπὸ,Prep3.
1.591.t5,βηλοῦ,GBP.
1.591.t6,θεσπεσίοιο,
1.592.t1,πᾶν,Agr.
1.592.t2,δ',
1.592.t3,ἦμαρ,Acc5.
1.592.t4,φερόμην,
1.592.t5,ἅμα,Prep2.
1.592.t6,δ',
1.592.t7,ἠελίῳ,GBP.
1.592.t8,καταδύντι,Agr.
1.593.t1,κάππεσον,
1.593.t2,ἐν,Prep3.
1.593.t3,Λήμνῳ,GBP.
1.593.t4,ὀλίγος,Agr.
1.593.t5,δ',
1.593.t6,ἔτι,
1.593.t7,θυμὸς,Nom1.
1.593.t8,ἐνῆεν,Impf1.
1.594.t1,ἔνθά,
1.594.t2,με,Acc1.
1.594.t3,Σίντιες,Agr.
1.594.t4,ἄνδρες,Nom1.
1.594.t5,ἄφαρ,
1.594.t6,κομίσαντο,
1.594.t7,πεσόντα,Agr.
1.595.t1,ὣς,
1.595.t2,φάτο,
1.595.t3,μείδησεν,
1.595.t4,δὲ,
1.595.t5,θεὰ,Agr.
1.595.t6,λευκώλενος,Agr.
1.595.t7,Ἥρη,Nom1.
1.596.t1,μειδήσασα,
1.596.t2,δὲ,
1.596.t3,παιδὸς,
1.596.t4,ἐδέξατο,
1.596.t5,χειρὶ,Dat8.
1.596.t6,κύπελλον,Acc1.
1.597.t1,αὐτὰρ,
1.597.t2,ὃ,Nom1.
1.597.t3,τοῖς,Agr.
1.597.t4,ἄλλοισι,Agr.
1.597.t5,θεοῖς,Dat1.
1.597.t6,ἐνδέξια,Acc8.
1.597.t7,πᾶσιν,Agr.
1.598.t1,οἰνοχόει,Impf1.
1.598.t2,γλυκὺ,Agr.
1.598.t3,νέκταρ,Acc1.
1.598.t4,ἀπὸ,Prep3.
1.598.t5,κρητῆρος,GBP.
1.598.t6,ἀφύσσων,
1.599.t1,ἄσβεστος,Agr.
1.599.t2,δ',
1.599.t3,ἄρ',
1.599.t4,ἐνῶρτο,
1.599.t5,γέλως,Nom1.
1.599.t6,μακάρεσσι,Agr.
1.599.t7,θεοῖσιν,Dat2.
1.600.t1,ὡς,
1.600.t2,ἴδον,
1.600.t3,Ἥφαιστον,Acc1.
1.600.t4,διὰ,Prep3.
1.600.t5,δώματα,GBP.
1.600.t6,ποιπνύοντα,Agr.
1.601.t1,ὣς,
1.601.t2,τότε,
1.601.t3,μὲν,
1.601.t4,πρόπαν,Agr.
1.601.t5,ἦμαρ,Acc5.
1.601.t6,ἐς,Prep7.
1.601.t7,ἠέλιον,GBP.
1.601.t8,καταδύντα,Agr.
1.602.t1,δαίνυντ',
1.602.t2,οὐ,
1.602.t3,τι,
1.602.t4,θυμὸς,Nom1.
1.602.t5,ἐδεύετο,
1.602.t6,δαιτὸς,Gen10.
1.602.t7,ἐΐσης,Agr.
1.603.t1,οὐ,
1.603.t2,μὲν,
1.603.t3,φόρμιγγος,Gen10.
1.603.t4,περικαλλέος,Agr.
1.603.t5,ἣν,Acc1.
1.603.t6,ἔχ',Impf1.
1.603.t7,Ἀπόλλων,Nom1.
1.604.t1,Μουσάων,Gen10.
1.604.t2,θ',
1.604.t3,αἳ,Nom1.
1.604.t4,ἄειδον,Impf1.
1.604.t5,ἀμειβόμεναι,
1.604.t6,ὀπὶ,Dat8.
1.604.t7,καλῇ,Agr.
1.605.t1,αὐτὰρ,
1.605.t2,ἐπεὶ,
1.605.t3,κατέδυ,
1.605.t4,λαμπρὸν,Agr.
1.605.t5,φάος,Nom1.
1.605.t6,ἠελίοιο,Gen4.
1.606.t1,οἳ,Nom1.
1.606.t2,μὲν,
1.606.t3,κακκείοντες,
1.606.t4,ἔβαν,
1.606.t5,οἶκον,Acc7.
1.606.t6,δὲ,
1.606.t7,ἕκαστος,
1.607.t1,ἧχι,
1.607.t2,ἑκάστῳ,Dat3.
1.607.t3,δῶμα,Acc1.
1.607.t4,περικλυτὸς,Agr.
1.607.t5,ἀμφιγυήεις,Agr.
1.608.t1,Ἥφαιστος,Nom1.
1.608.t2,ποίησεν,
1.608.t3,ἰδυίῃσι,
1.608.t4,πραπίδεσσι,Dat8.
1.609.t1,Ζεὺς,Nom1.
1.609.t2,δὲ,
1.609.t3,πρὸς,Prep3.
1.609.t4,ὃν,Agr.
1.609.t5,λέχος,GBP.
1.609.t6,ἤϊ',Impf1.
1.609.t7,Ὀλύμπιος,Nom1.
1.609.t8,ἀστεροπητής,Agr.
1.610.t1,ἔνθα,
1.610.t2,πάρος,
1.610.t3,κοιμᾶθ',
1.610.t4,ὅτε,
1.610.t5,μιν,Acc1.
1.610.t6,γλυκὺς,Agr.
1.610.t7,ὕπνος,Nom1.
1.610.t8,ἱκάνοι,
1.611.t1,ἔνθα,
1.611.t2,καθεῦδ',Impf1.
1.611.t3,ἀναβάς,
1.611.t4,παρὰ,
1.611.t5,δὲ,
1.611.t6,χρυσόθρονος,Agr.
1.611.t7,Ἥρη,Nom1.
