urn,label,description,data,link
urn:cite2:hmt:place.v1:place124,Arisbe,town in the Troad,"commenting=""Commander: Asios"" coordinates=""26.542314, 40.199817""",https://pleiades.stoa.org/places/501359
urn:cite2:hmt:place.v1:place406,Cromna,"or Kromna, a locality in Paphlagonia","tagging=""Paphlagonians"" commenting=""Commander: Pylaimenes"" coordinates=""32.6765, 41.82841""",https://pleiades.stoa.org/places/844994
urn:cite2:exploreHomer:place.v1:place1,Phocaea,"An ancient settlement of Asia Minor, modern Foça in Turkey.","tagging=""Phocaeans"" commenting=""Commanders: Schedios, Epistrophos"" coordinates=""26.75261, 38.6684""",https://pleiades.stoa.org/places/550823
urn:cite2:hmt:place.v1:place377,Pyrasus,a town in Thessaly,"tagging=""Phylake"" commenting=""Commander: Podarkes"" coordinates=""22.8206, 39.27922""",https://pleiades.stoa.org/places/541081
urn:cite2:hmt:place.v1:place305,Erythrai,"Erythrae, a town in Boeotia","tagging=""Boeotians"" commenting=""Commanders: Arkesilaos, Prothoenor, Klonios"" coordinates=""26.48103, 38.38122""",https://pleiades.stoa.org/places/550535
urn:cite2:exploreHomer:place.v1:place2,Okaleia?,"An ancient place, cited: BAtlas 55 E4 Okaleia?","tagging=""Boeotians"" commenting=""Commanders: Arkesilaos, Prothoenor, Klonios"" coordinates=""23.03774, 38.351509""",https://pleiades.stoa.org/places/540978
urn:cite2:hmt:place.v1:place30,Boeotia,region containing the Greek Thebes,"tagging=""Boeotians"" commenting=""Commanders: Arkesilaos, Prothoenor, Klonios"" coordinates=""23.184677533333, 38.346688033333""",https://pleiades.stoa.org/places/540689
urn:cite2:exploreHomer:place.v1:place3,Oitylos,"An ancient place, cited: BAtlas 58 C4 Oitylos","tagging=""Laconians"" commenting=""Commander: Menelaos"" coordinates=""22.3848, 36.705058""",https://pleiades.stoa.org/places/570527
urn:cite2:exploreHomer:place.v1:place4,Cyparissius Sinus,"An ancient place, cited: BAtlas 58 A2 Cyparissius Sinus","tagging=""Pylos"" commenting=""Commander: Nestor"" coordinates=""21.25, 37.75""",https://pleiades.stoa.org/places/570185
urn:cite2:hmt:place.v1:place303,Harma,a town in Boeotia,"tagging=""Boeotians"" commenting=""Commanders: Arkesilaos, Prothoenor, Klonios"" coordinates=""23.625, 38.125""",https://pleiades.stoa.org/places/579943
urn:cite2:hmt:place.v1:place130,Arne,town in Boeotia,"tagging=""Boeotians"" commenting=""Commanders: Arkesilaos, Prothoenor, Klonios"" coordinates=""22.93328, 38.48288""",https://pleiades.stoa.org/places/540663
urn:cite2:hmt:place.v1:place198,Anemoreia,town in Phocis,"tagging=""Phocaeans"" commenting=""Commanders: Schedios, Epistrophos""",https://pleiades.stoa.org/places/543626
urn:cite2:exploreHomer:place.v1:place5,Hypereia,"An ancient settlement, attested by literary or documentary sources, whose precise location cannot be determined today","commenting=""Commander: Eurypylos""",https://pleiades.stoa.org/places/573257
urn:cite2:hmt:place.v1:place21,Crete,island south of mainland Greece,"tagging=""Cretans"" commenting=""Commander: Idomeneus"" coordinates=""24.995769971495, 35.219844391733""",https://pleiades.stoa.org/places/589748
urn:cite2:hmt:place.v1:place34,Phthia,southern Thessaly,"tagging=""Myrmidons"" commenting=""Commander: Achilles"" coordinates=""22.25, 39.25""",https://pleiades.stoa.org/places/541052
urn:cite2:hmt:place.v1:place10,Arcadia,province in the Peloponnese,"tagging=""Arcadians"" commenting=""Commander: Agapenor"" coordinates=""22.165323097346, 37.56741926845""",https://pleiades.stoa.org/places/570102
urn:cite2:exploreHomer:place.v1:place6,Oichalia?,"An ancient place, cited: BAtlas 55 G3 Oichalia?","commenting=""Commanders: Asklepios, Podaleirios, Machaon"" coordinates=""24.099827, 38.602679""",https://pleiades.stoa.org/places/540971
urn:cite2:exploreHomer:place.v1:place7,Olooson,"An ancient place, cited: BAtlas 55 C1 Olooson","commenting=""Commanders: Polypoites, Leonteus"" coordinates=""22.215715, 39.89278""",https://pleiades.stoa.org/places/540981
urn:cite2:exploreHomer:place.v1:place8,Perkote,"An ancient place, cited: BAtlas 51 H4 Perkote","coordinates=""26.588806, 40.273913""",https://pleiades.stoa.org/places/501556
urn:cite2:hmt:place.v1:place319,Tarphe,a town in Locris,"tagging=""Locrians"" commenting=""Commander: Ajax Oileus"" coordinates=""22.728224, 38.717051""",https://pleiades.stoa.org/places/540958
urn:cite2:hmt:place.v1:place323,Kerinthos,"Cerinthus, a city in Euboea","tagging=""Abantes"" commenting=""Commander: Elphenor"" coordinates=""23.48282, 38.825075""",https://pleiades.stoa.org/places/540861
urn:cite2:hmt:place.v1:place165,Corinth,"(old name is Ephyra), know as Argive Ephyre in Homer","tagging=""Mycenaeans"" commenting=""Commander: Agamemnon"" coordinates=""22.878721, 37.906045""",https://pleiades.stoa.org/places/570182
urn:cite2:exploreHomer:place.v1:place9,Enispe,"An ancient place, cited: BAtlas 58 unlocated Enispe Ins.","tagging=""Arcadians"" commenting=""Commander: Agapenor""",https://pleiades.stoa.org/places/573204
urn:cite2:hmt:place.v1:place126,Aetolia,"Region of Western Greece, north of the Gulf of Corinth","tagging=""Aetolians"" commenting=""Commander: Thoas"" coordinates=""21.25, 38.75""",https://pleiades.stoa.org/places/540591
urn:cite2:hmt:place.v1:place332,Cleonae,"or Kleonai, a town in Argolis","tagging=""Mycenaeans"" commenting=""Commander: Agamemnon"" coordinates=""22.75372, 37.81708""",https://pleiades.stoa.org/places/570361
urn:cite2:hmt:place.v1:place167,Amyclae,"a city in Laconia, near the Eurotas, 20 stadia S.E. of Sparta, and the residence of Tyndareus","tagging=""Laconians"" commenting=""Commander: Menelaos""",https://pleiades.stoa.org/places/438675
urn:cite2:exploreHomer:place.v1:place10,Ithaca,"An ancient place, cited: BAtlas 54 C5 Ithaca","tagging=""Cephallenians"" commenting=""Commander: Odysseus"" coordinates=""20.638399, 38.44193""",https://pleiades.stoa.org/places/530905
urn:cite2:exploreHomer:place.v1:place11,Antinoopolis,"An ancient city in Egypt established by Hadrian in A.D. 122 in honor of Antinous. The city stood on the east bank of the Nile, opposite Hermopolis.","tagging=""Myrmidons"" commenting=""Commander: Achilles"" coordinates=""30.879299, 27.808099""",https://pleiades.stoa.org/places/756518
urn:cite2:hmt:place.v1:place206,Orthe,town in Thessaly,"commenting=""Commanders: Polypoites, Leonteus"" coordinates=""22.16827, 39.721527""",https://pleiades.stoa.org/places/540992
urn:cite2:exploreHomer:place.v1:place12,Bryseai/Byseai,"An ancient settlement, attested by literary or documentary sources, whose precise location cannot be determined today","tagging=""Laconians"" commenting=""Commander: Menelaos""",https://pleiades.stoa.org/places/573156
urn:cite2:exploreHomer:place.v1:place13,Augeiai,"An ancient place, cited: BAtlas 55 unlocated Augeiai","tagging=""Locrians"" commenting=""Commander: Ajax Oileus""",https://pleiades.stoa.org/places/543648
urn:cite2:hmt:place.v1:place26,Rhodes,island off the SW coast of Turkey,"coordinates=""28.15629, 36.41451""",https://pleiades.stoa.org/places/590031
urn:cite2:exploreHomer:place.v1:place14,Ormenion/Orminion,"An ancient place, cited: BAtlas 55 unlocated Ormenion/Orminion","commenting=""Commander: Eurypylos""",https://pleiades.stoa.org/places/543819
urn:cite2:hmt:place.v1:place6,Ilium,ancient name for Troy,"coordinates=""26.23873, 39.9577""",https://pleiades.stoa.org/places/550595
urn:cite2:exploreHomer:place.v1:place15,Amastris/Sesamos,"An ancient settlement on the Black Sea coast in Asia Minor, modern Amasra in Turkey.","tagging=""Paphlagonians"" commenting=""Commander: Pylaimenes"" coordinates=""32.385648, 41.746969""",https://pleiades.stoa.org/places/844856
urn:cite2:hmt:place.v1:place124,Arisbe,town in the Troad,"coordinates=""26.542314, 40.199817""",https://pleiades.stoa.org/places/501359
urn:cite2:exploreHomer:place.v1:place16,Tereia,"An ancient place, cited: BAtlas 52 unlocated Tereia","commenting=""Commander: Adrastos""",https://pleiades.stoa.org/places/515669
urn:cite2:hmt:place.v1:place182,Thespia,a town in Boeotia,"tagging=""Boeotians"" commenting=""Commanders: Arkesilaos, Prothoenor, Klonios"" coordinates=""23.154521, 38.293384""",https://pleiades.stoa.org/places/541141
urn:cite2:exploreHomer:place.v1:place17,Hylai,"An ancient place, cited: BAtlas 55 E4 Hylai","tagging=""Boeotians"" commenting=""Commanders: Arkesilaos, Prothoenor, Klonios"" coordinates=""23.278871, 38.411036""",https://pleiades.stoa.org/places/540824
urn:cite2:exploreHomer:place.v1:place18,Dion,"Dion was a settlement of Pieria located just south of Macedonia and held, traditionally, as the place of Orpheus' death and burial.","tagging=""Abantes"" commenting=""Commander: Elphenor"" coordinates=""22.491299, 40.177012""",https://pleiades.stoa.org/places/491572
urn:cite2:hmt:place.v1:place148,Orchomenus,"ancient city on Lake Copais in Boeotia, associated with the Minyans","tagging=""Arcadians"" commenting=""Commander: Agapenor"" coordinates=""22.959486, 38.495082""",https://pleiades.stoa.org/places/540987
urn:cite2:exploreHomer:place.v1:place19,Zacynthus,"An ancient place, cited: BAtlas 54 inset Zacynthus","tagging=""Cephallenians"" commenting=""Commander: Odysseus"" coordinates=""20.892091, 37.787178""",https://pleiades.stoa.org/places/531154
urn:cite2:exploreHomer:place.v1:place20,Tegyra,"An ancient place, cited: BAtlas 55 E3 Tegyra","tagging=""Aspledon"" commenting=""Commanders: Askalaphos, Ialmenos"" coordinates=""23.034484, 38.512851""",https://pleiades.stoa.org/places/541126
urn:cite2:hmt:place.v1:place200,Phylace,town in Thessaly,"tagging=""Phylake"" commenting=""Commander: Podarkes"" coordinates=""22.601194, 39.241202""",https://pleiades.stoa.org/places/541053
urn:cite2:exploreHomer:place.v1:place21,Styx (river),"An ancient place, cited: BAtlas 58 C1 Styx fl.","coordinates=""22.25, 38.25""",https://pleiades.stoa.org/places/570698
urn:cite2:exploreHomer:place.v1:place22,Larissa,"An ancient place, cited: BAtlas 55 C1 Larissa","tagging=""Thessalians"" commenting=""Commander: Hippothoos"" coordinates=""22.41474, 39.64147""",https://pleiades.stoa.org/places/540905
urn:cite2:hmt:place.v1:place30,Boeotia,region containing the Greek Thebes,"coordinates=""23.184677533333, 38.346688033333""",https://pleiades.stoa.org/places/540689
urn:cite2:hmt:place.v1:place10,Arcadia,province in the Peloponnese,"coordinates=""22.165323097346, 37.56741926845""",https://pleiades.stoa.org/places/570102
urn:cite2:hmt:place.v1:place1,Athens,city in Attica,"tagging=""Athenians"" commenting=""Commander: Menestheus"" coordinates=""23.726464, 37.971687""",https://pleiades.stoa.org/places/579885
urn:cite2:hmt:place.v1:place282,Pleuron,an ancient city in Aetolia,"tagging=""Aetolians"" commenting=""Commander: Thoas"" coordinates=""21.414714, 38.402823""",https://pleiades.stoa.org/places/540999
urn:cite2:hmt:place.v1:place207,Elone,town in Thessaly,"commenting=""Commanders: Polypoites, Leonteus"" coordinates=""22.30748, 39.82647""",https://pleiades.stoa.org/places/540760
urn:cite2:hmt:place.v1:place396,Adrasteia,"or Adrastea, a region of Mysia","commenting=""Commander: Adrastos"" coordinates=""27.191289, 40.383655""",https://pleiades.stoa.org/places/511138
urn:cite2:exploreHomer:place.v1:place8,Perkote,"An ancient place, cited: BAtlas 51 H4 Perkote","commenting=""Commander: Asios"" coordinates=""26.588806, 40.273913""",https://pleiades.stoa.org/places/501556
urn:cite2:hmt:place.v1:place410,Ascania,a district of Phrygia,"tagging=""Phrygians"" commenting=""Commanders: Phorkys, Askanios"" coordinates=""29.75, 40.25""",https://pleiades.stoa.org/places/511165
urn:cite2:hmt:place.v1:place189,Echinades,"also called with Echinae, group of islands in the Ionian Sea","tagging=""Dulichium"" commenting=""Commanders: Meges, Phyleus"" coordinates=""21.25, 38.25""",https://pleiades.stoa.org/places/530852
urn:cite2:hmt:place.v1:place88,Zeleia,"town allied to Troy, at the foot of Mt. Ida","tagging=""Teleans"" commenting=""Commander: Pandaros"" coordinates=""27.5950731, 40.2035643""",https://pleiades.stoa.org/places/511461
urn:cite2:exploreHomer:place.v1:place23,Midea,"An ancient site in the Argolid in Greece, it shares a name with the neighboring modern town.","tagging=""Boeotians"" commenting=""Commanders: Arkesilaos, Prothoenor, Klonios"" coordinates=""22.842, 37.65""",https://pleiades.stoa.org/places/570485
urn:cite2:hmt:place.v1:place141,Plataea,town in Boeotia,"tagging=""Boeotians"" commenting=""Commanders: Arkesilaos, Prothoenor, Klonios"" coordinates=""23.273866, 38.221019""",https://pleiades.stoa.org/places/541063
urn:cite2:hmt:place.v1:place151,Lilaia,town in Phocis,"tagging=""Phocaeans"" commenting=""Commanders: Schedios, Epistrophos"" coordinates=""22.50592, 38.62687""",https://pleiades.stoa.org/places/540915
urn:cite2:hmt:place.v1:place371,Carpathus,an island between Crete and Rhodes,"commenting=""Commanders: Pheidippos, Antiphos"" coordinates=""27.133333, 35.583333""",https://pleiades.stoa.org/places/589841
urn:cite2:hmt:place.v1:place388,Ithome,a city in Thessaly,"commenting=""Commanders: Asklepios, Podaleirios, Machaon"" coordinates=""21.920439, 37.175491""",https://pleiades.stoa.org/places/540841
urn:cite2:hmt:place.v1:place370,Nisyrus,"small island, one of the Sporades","commenting=""Commanders: Pheidippos, Antiphos"" coordinates=""27.15597, 36.58892""",https://pleiades.stoa.org/places/599830
urn:cite2:hmt:place.v1:place380,Pteleon,a town in Thessaly,"tagging=""Phylake"" commenting=""Commander: Podarkes"" coordinates=""22.97464, 39.03369""",https://pleiades.stoa.org/places/541077
urn:cite2:hmt:place.v1:place190,Doulichion,"Dulichium, or Dolicha, or Doliche, island in the Echinades","tagging=""Dulichium"" commenting=""Commanders: Meges, Phyleus"" coordinates=""21.15177, 38.32079""",https://pleiades.stoa.org/places/530845
urn:cite2:exploreHomer:place.v1:place24,Maionia/Mysia,"An ancient place, cited: BAtlas 56 G4 Maionia/Mysia","tagging=""Meonians"" commenting=""Commanders: Mesthles, Antiphos"" coordinates=""28.25, 38.75""",https://pleiades.stoa.org/places/550710
urn:cite2:hmt:place.v1:place1,Athens,city in Attica,"coordinates=""23.726464, 37.971687""",https://pleiades.stoa.org/places/579885
urn:cite2:exploreHomer:place.v1:place25,Pontus Euxinus,The Black Sea.,"coordinates=""34.7425505, 43.0786852""",https://pleiades.stoa.org/places/1224
urn:cite2:hmt:place.v1:place308,Thisbe,a town in Boeotia,"tagging=""Boeotians"" commenting=""Commanders: Arkesilaos, Prothoenor, Klonios"" coordinates=""22.96835, 38.259722""",https://pleiades.stoa.org/places/541146
urn:cite2:exploreHomer:place.v1:place26,Hermion(e),Hermion(e) was a settlement of the eastern Argolid.,"tagging=""Argolis"" commenting=""Commanders: Diomedes, Sthenelos, Euryalos"" coordinates=""23.243591, 37.385218""",https://pleiades.stoa.org/places/570292
urn:cite2:hmt:place.v1:place277,Helice,"city located in Achaea, northern Peloponnesos, submerged in a tsunami in 373 BCE","tagging=""Mycenaeans"" commenting=""Commander: Agamemnon"" coordinates=""22.14015, 38.22257""",https://pleiades.stoa.org/places/570281
urn:cite2:exploreHomer:place.v1:place27,Lykastos,"An ancient place, cited: BAtlas 60 D2 Lykastos","tagging=""Cretans"" commenting=""Commander: Idomeneus"" coordinates=""25.10388, 35.20224""",https://pleiades.stoa.org/places/589917
urn:cite2:hmt:place.v1:place386,Olizon,a town in Magnesia in Thessaly,"tagging=""Methonians"" commenting=""Commander: Philoktetes"" coordinates=""23.21711, 39.13534""",https://pleiades.stoa.org/places/540979
urn:cite2:exploreHomer:place.v1:place28,Titaresios (river),"An ancient place, cited: BAtlas 55 C1 Titaresios fl.","tagging=""Peraebi"" commenting=""Commander: Guneus"" coordinates=""22.25, 39.75""",https://pleiades.stoa.org/places/541151
urn:cite2:hmt:place.v1:place21,Crete,island south of mainland Greece,"tagging=""Cretans"" commenting=""Commander: Idomeneus"" coordinates=""24.995769971495, 35.219844391733""",https://pleiades.stoa.org/places/589748
urn:cite2:exploreHomer:place.v1:place29,Hyperasia,"An ancient place, cited: BAtlas 58 unlocated Hyperasia","tagging=""Mycenaeans"" commenting=""Commander: Agamemnon""",https://pleiades.stoa.org/places/573256
urn:cite2:hmt:place.v1:place194,Crisa,near the Delphic oracle,"tagging=""Phocaeans"" commenting=""Commanders: Schedios, Epistrophos"" coordinates=""22.4689446, 38.4753859""",https://pleiades.stoa.org/places/540889
urn:cite2:hmt:place.v1:place394,Peneus,"or Peneius, a river in Thessaly","coordinates=""21.75, 39.75""",https://pleiades.stoa.org/places/541022
urn:cite2:exploreHomer:place.v1:place30,Alybe,"An ancient place, cited: BAtlas 56 unlocated Alybe","tagging=""Halizoni"" commenting=""Commanders: Odios, Epistrophos""",https://pleiades.stoa.org/places/554184
urn:cite2:exploreHomer:place.v1:place31,Xanthos (river),"An ancient place, cited: BAtlas 86 D3 Xanthos fl.","tagging=""Lycians"" commenting=""Commanders: Sarpedon, Glaukos"" coordinates=""33.5, 40.5""",https://pleiades.stoa.org/places/845090
urn:cite2:exploreHomer:place.v1:place32,Kainepolis,"An ancient place, cited: BAtlas 58 C5 Kainepolis","tagging=""Phocaeans"" commenting=""Commanders: Schedios, Epistrophos"" coordinates=""22.442714, 36.460433""",https://pleiades.stoa.org/places/570322
urn:cite2:hmt:place.v1:place197,Panopeus,city in Phocis,"tagging=""Phocaeans"" commenting=""Commanders: Schedios, Epistrophos"" coordinates=""22.79418, 38.49551""",https://pleiades.stoa.org/places/541008
urn:cite2:hmt:place.v1:place322,Histiaia,"or Hestiaia, a city in Euboea","tagging=""Abantes"" commenting=""Commander: Elphenor"" coordinates=""23.06593, 38.93759""",https://pleiades.stoa.org/places/540817
urn:cite2:exploreHomer:place.v1:place33,Helos,"An ancient place, cited: BAtlas 56 C4 Helos","tagging=""Laconians"" commenting=""Commander: Menelaos"" coordinates=""26.361312, 38.574035""",https://pleiades.stoa.org/places/550568
urn:cite2:exploreHomer:place.v1:place34,Myrkinos,"An ancient place, cited: BAtlas 51 B3 Myrkinos","tagging=""Elis"" commenting=""Commanders: Amphimakhos, Thalpios, Diores, Polyxenos"" coordinates=""23.819776, 40.901252""",https://pleiades.stoa.org/places/501520
urn:cite2:exploreHomer:place.v1:place35,Alesion M.,"An ancient place, cited: BAtlas 58 C2 Alesion M.","tagging=""Elis"" commenting=""Commanders: Amphimakhos, Thalpios, Diores, Polyxenos"" coordinates=""22.43409, 37.65988""",https://pleiades.stoa.org/places/570064
urn:cite2:hmt:place.v1:place360,Knossos,"or Cnosos, majors city on Crete","tagging=""Cretans"" commenting=""Commander: Idomeneus"" coordinates=""25.163106, 35.297847""",https://pleiades.stoa.org/places/589872
urn:cite2:exploreHomer:place.v1:place36,Alope,"An ancient place, cited: BAtlas 55 D3 Alope","tagging=""Myrmidons"" commenting=""Commander: Achilles"" coordinates=""22.79812, 38.88481""",https://pleiades.stoa.org/places/540621
urn:cite2:exploreHomer:place.v1:place37,Messa,"An ancient place, cited: BAtlas 58 C4 Messa","tagging=""Laconians"" commenting=""Commander: Menelaos"" coordinates=""22.38113, 36.531845""",https://pleiades.stoa.org/places/570478
urn:cite2:hmt:place.v1:place199,Cynus,town in Locris,"tagging=""Locrians"" commenting=""Commander: Ajax Oileus"" coordinates=""23.0622, 38.7234""",https://pleiades.stoa.org/places/540896
urn:cite2:hmt:place.v1:place49,Thebes,in Boetia,"tagging=""Boeotians"" commenting=""Commanders: Arkesilaos, Prothoenor, Klonios"" coordinates=""23.255096, 38.318092""",https://pleiades.stoa.org/places/541138
urn:cite2:exploreHomer:place.v1:place38,Nisa,"An ancient place, cited: BAtlas 55 unlocated Nisa","tagging=""Boeotians"" commenting=""Commanders: Arkesilaos, Prothoenor, Klonios""",https://pleiades.stoa.org/places/543807
urn:cite2:hmt:place.v1:place380,Pteleon,a town in Thessaly,"tagging=""Pylos"" commenting=""Commander: Nestor"" coordinates=""22.97464, 39.03369""",https://pleiades.stoa.org/places/541077
urn:cite2:exploreHomer:place.v1:place39,Kyllene (mountain),"A mountain in Arcadia (Greece), still known as Kyllene today.","tagging=""Arcadians"" commenting=""Commander: Agapenor"" coordinates=""22.3957984, 37.9391027""",https://pleiades.stoa.org/places/570391
urn:cite2:hmt:place.v1:place237,Hyrmine,A port in northern Elis,"tagging=""Elis"" commenting=""Commanders: Amphimakhos, Thalpios, Diores, Polyxenos"" coordinates=""21.135668, 37.886492""",https://pleiades.stoa.org/places/570305
urn:cite2:hmt:place.v1:place48,Lindos,on Rhodes,"tagging=""Rhodians"" commenting=""Commander: Tleptolemos"" coordinates=""28.15629, 36.41451""",https://pleiades.stoa.org/places/589913
urn:cite2:hmt:place.v1:place400,Practius,"a river in the Troad, north of Abydus","commenting=""Commander: Asios"" coordinates=""26.75, 40.25""",https://pleiades.stoa.org/places/501577
urn:cite2:hmt:place.v1:place154,Abantes,USE EPONYMOUS ANCESTOR INSTEAD,"tagging=""Abantes"" commenting=""Commander: Elphenor"" coordinates=""23.75, 38.75""",https://pleiades.stoa.org/places/540583
urn:cite2:exploreHomer:place.v1:place40,Syme,"An ancient place, cited: BAtlas 61 F4 Syme","tagging=""Syme"" commenting=""Commander: Nireus"" coordinates=""27.843425, 36.61839""",https://pleiades.stoa.org/places/599950
urn:cite2:hmt:place.v1:place384,Methone,"a city in Magnesia, the home of Philoctetes","tagging=""Methonians"" commenting=""Commader: Philoctetes"" coordinates=""23.069231, 39.327998""",https://pleiades.stoa.org/places/540946
urn:cite2:exploreHomer:place.v1:place41,Parthenios (river),"An ancient place, cited: BAtlas 62 E2 Parthenios fl.","tagging=""Paphlagonians"" commenting=""Commander: Pylaimenes"" coordinates=""30.75, 39.75""",https://pleiades.stoa.org/places/609495
urn:cite2:hmt:place.v1:place1,Athens,city in Attica,"coordinates=""23.726464, 37.971687""",https://pleiades.stoa.org/places/579885
urn:cite2:hmt:place.v1:place310,Coroneia,"or Coronea, a city in Boeotia, south of lake Copais","tagging=""Boeotians"" commenting=""Commanders: Arkesilaos, Prothoenor, Klonios"" coordinates=""22.956902, 38.392613""",https://pleiades.stoa.org/places/540717
urn:cite2:hmt:place.v1:place336,Pellene,a town in Achaea,"tagging=""Mycenaeans"" commenting=""Commander: Agamemnon"" coordinates=""22.5384, 38.0446""",https://pleiades.stoa.org/places/570576
urn:cite2:hmt:place.v1:place132,Samos,island in the eastern Aegean,"tagging=""Cephallenians"" commenting=""Commander: Odysseus"" coordinates=""26.84, 37.73""",https://pleiades.stoa.org/places/599925
urn:cite2:exploreHomer:place.v1:place42,Gortys,"An ancient place, cited: BAtlas 58 C2 Gortys","tagging=""Cretans"" commenting=""Commander: Idomeneus"" coordinates=""22.041, 37.534""",https://pleiades.stoa.org/places/570267
urn:cite2:hmt:place.v1:place107,Calydon,city in Aeolia,"tagging=""Aetolians"" commenting=""Commander: Thoas"" coordinates=""21.533106, 38.372423""",https://pleiades.stoa.org/places/540699
urn:cite2:hmt:place.v1:place383,Glaphyrae,town in Thessaly,"tagging=""Pheraians"" commenting=""Commander: Admetos"" coordinates=""22.8833, 39.444""",https://pleiades.stoa.org/places/540790
urn:cite2:hmt:place.v1:place190,Doulichion,"Dulichium, or Dolicha, or Doliche, island in the Echinades","tagging=""Dulichium"" commenting=""Commanders: Meges, Phyleus"" coordinates=""21.15177, 38.32079""",https://pleiades.stoa.org/places/530845
urn:cite2:hmt:place.v1:place395,Pereia,a region in Thessaly,"tagging=""Phereians"" commenting=""Commander: Eumelos"" coordinates=""22.56873, 39.14917""",https://pleiades.stoa.org/places/541025
urn:cite2:hmt:place.v1:place125,Sestus,"Thracian city on the Hellespont, opposite Abydus","commenting=""Commander: Asios"" coordinates=""26.38916, 40.21343""",https://pleiades.stoa.org/places/501609
urn:cite2:exploreHomer:place.v1:place43,Ephyra,"An ancient settlement, attested by literary or documentary sources, whose precise location cannot be determined today",,https://pleiades.stoa.org/places/573208
urn:cite2:exploreHomer:place.v1:place44,Schoinos,"An ancient place, cited: BAtlas 55 E4 Schoinos","tagging=""Boeotians"" commenting=""Commanders: Arkesilaos, Prothoenor, Klonios"" coordinates=""23.362092, 38.4274""",https://pleiades.stoa.org/places/541091
urn:cite2:hmt:place.v1:place178,Hyria,in Boeotia,"tagging=""Boeotians"" commenting=""Commanders: Arkesilaos, Prothoenor, Klonios"" coordinates=""23.564791, 38.456822""",https://pleiades.stoa.org/places/540830
urn:cite2:hmt:place.v1:place152,Cephissus,river in Phocis,"tagging=""Phocaeans"" commenting=""Commanders: Schedios, Epistrophos"" coordinates=""24.75, 38.75""",https://pleiades.stoa.org/places/540860
urn:cite2:exploreHomer:place.v1:place45,Lyrnessos,"An ancient place, cited: BAtlas 66 unlocated Lyrnessos",,https://pleiades.stoa.org/places/652355
urn:cite2:hmt:place.v1:place290,Glisas,a town in Boeotia,"tagging=""Boeotians"" commenting=""Commanders: Arkesilaos, Prothoenor, Klonios"" coordinates=""23.396935, 38.391809""",https://pleiades.stoa.org/places/540791
urn:cite2:hmt:place.v1:place183,Copae,a town in Boeotia,"tagging=""Boeotians"" commenting=""Commanders: Arkesilaos, Prothoenor, Klonios"" coordinates=""23.160772, 38.493128""",https://pleiades.stoa.org/places/540878
urn:cite2:hmt:place.v1:place152,Cephissus,river in Phocis,"tagging=""Phocaeans"" commenting=""Commanders: Schedios, Epistrophos"" coordinates=""24.75, 38.75""",https://pleiades.stoa.org/places/540860
urn:cite2:exploreHomer:place.v1:place46,Gonoussa,"An ancient settlement, attested by literary or documentary sources, whose precise location cannot be determined today","tagging=""Mycenaeans"" commenting=""Commander: Agamemnon""",https://pleiades.stoa.org/places/573235
urn:cite2:hmt:place.v1:place27,Lacedaemonia,"also called Laconia, region around Sparta in the Peloponnese","tagging=""Laconians"" commenting=""Commander: Menelaos"" coordinates=""22.25, 37.25""",https://pleiades.stoa.org/places/570406
urn:cite2:hmt:place.v1:place350,Mantineia,a town in Arcadia,"tagging=""Arcadians"" commenting=""Commander: Agapenor"" coordinates=""22.393259, 37.618138""",https://pleiades.stoa.org/places/570459
urn:cite2:exploreHomer:place.v1:place47,Buprasion,"An ancient settlement in Elis, attested by literary or documentary sources, whose precise location cannot be determined today.","commenting=""Commanders: Amphimakhos, Thalpios, Diores, Polyxenos""",https://pleiades.stoa.org/places/573157
urn:cite2:exploreHomer:place.v1:place48,(M)Otene,"An ancient place, cited: BAtlas 88 F4 (M)Otene","tagging=""Elis"" commenting=""Commanders: Amphimakhos, Thalpios, Diores, Polyxenos"" coordinates=""44.315416, 40.262289""",https://pleiades.stoa.org/places/863848
urn:cite2:hmt:place.v1:place349,Tegea,a town in Arcadia,"tagging=""Arcadians"" commenting=""Commander: Agapenor"" coordinates=""22.429, 37.464""",https://pleiades.stoa.org/places/570707
urn:cite2:hmt:place.v1:place364,Rhytion,city on Crete,"tagging=""Cretans"" commenting=""Commander: Idomeneus"" coordinates=""25.169935, 35.010596""",https://pleiades.stoa.org/places/590033
urn:cite2:hmt:place.v1:place385,Thaumacia,"a town in Magnesia, under the rule of Philoctetes","tagging=""Methonians"" commenting=""Commander: Philoktetes"" coordinates=""23.339604, 39.173156""",https://pleiades.stoa.org/places/541135
urn:cite2:exploreHomer:place.v1:place49,Alos,"An ancient settlement, attested by literary or documentary sources, whose precise location cannot be determined today","tagging=""Myrmidons"" commenting=""Commander: Achilles""",https://pleiades.stoa.org/places/573077
urn:cite2:hmt:place.v1:place381,Boebeïs,lake in Thessaly,"tagging=""Pheraians"" commenting=""Commander: Admetos"" coordinates=""22.75, 39.75""",https://pleiades.stoa.org/places/540690
urn:cite2:exploreHomer:place.v1:place50,Mysia,"An ancient place, cited: BAtlas 52 B4 Mysia","tagging=""Mysians"" commenting=""Commanders: Chromis, Ennomos"" coordinates=""27.75, 40.25""",https://pleiades.stoa.org/places/511328
urn:cite2:exploreHomer:place.v1:place51,Gygaia/Koloe/Talaimenis L.,"An ancient place, cited: BAtlas 56 G4 Gygaia/Koloe/Talaimenis L.","commenting=""Commanders: Odios, Epistrophos"" coordinates=""27.983474, 38.614377""",https://pleiades.stoa.org/places/550556
urn:cite2:hmt:place.v1:place304,Eilesion,"Eilesium, a town in Boeotia","tagging=""Boeotians"" commenting=""Commanders: Arkesilaos, Prothoenor, Klonios"" coordinates=""23.504108, 38.30214""",https://pleiades.stoa.org/places/540750
urn:cite2:hmt:place.v1:place306,Peteon,a town in Boeotia,"tagging=""Boeotians"" commenting=""Commanders: Arkesilaos, Prothoenor, Klonios"" coordinates=""23.412119, 38.443961""",https://pleiades.stoa.org/places/541028
urn:cite2:exploreHomer:place.v1:place52,Opous,"An ancient settlement, attested by literary or documentary sources, whose precise location cannot be determined today","tagging=""Locrians"" commenting=""Commander: Ajax Oileus""",https://pleiades.stoa.org/places/573414
urn:cite2:hmt:place.v1:place155,Eretria,city on western coast of Euboea,"tagging=""Abantes"" commenting=""Commander: Elphenor"" coordinates=""22.607216, 39.290562""",https://pleiades.stoa.org/places/579925
urn:cite2:hmt:place.v1:place50,Phlius,city in the northwestern Argolid in the Peloponnese,"tagging=""Mycenaeans"" commenting=""Commander: Agamemnon""",https://pleiades.stoa.org/places/573109
urn:cite2:exploreHomer:place.v1:place53,Aigai(ai)/Aegeae,"Aigai(ai)/Aegeae (modern Yumurtalık, Turkey) is an ancient city in Cilicia.","tagging=""Laconians"" commenting=""Commander: Menelaos"" coordinates=""35.789487, 36.769676""",https://pleiades.stoa.org/places/658368
urn:cite2:exploreHomer:place.v1:place54,Elis,"An ancient place, cited: BAtlas 58 A2 Elis (1)","tagging=""Elis"" commenting=""Ten ships"" coordinates=""21.25, 37.75""",https://pleiades.stoa.org/places/570221
urn:cite2:hmt:place.v1:place365,Ialysus,a town on Rhodes,"tagging=""Rhodians"" commenting=""Commander: Tleptolemos"" coordinates=""28.15629, 36.41451""",https://pleiades.stoa.org/places/589815
urn:cite2:exploreHomer:place.v1:place55,Kamiros,"An ancient city of Rhodes, with evidence for Mycenaean occupation. From the eighth century BC a Greek settlement flourished, with a temple dedicated to the goddess Athena on its acropolis. The Hellenistic phase of the site followed the tenets of Hippodamian planning. The city was twice destroyed by earthquakes (226 and 142 BC).","tagging=""Rhodians"" commenting=""Commander: Tleptolemos"" coordinates=""28.15629, 36.41451""",https://pleiades.stoa.org/places/589836
urn:cite2:hmt:place.v1:place68,Cos,island in the Sporades,"commenting=""Commanders: Pheidippos, Antiphos"" coordinates=""27.17, 36.844""",https://pleiades.stoa.org/places/599581
urn:cite2:hmt:place.v1:place99,Abydus,"an ancient city of Mysia, in Asia Minor","commenting=""Commander: Asios"" coordinates=""26.41122, 40.19406""",https://pleiades.stoa.org/places/501325
urn:cite2:hmt:place.v1:place191,Cephalonia,"Cephellenia, largest Ionian island","tagging=""Cephallenians"" commenting=""Commander: Odysseus"" coordinates=""20.59, 38.2""",https://pleiades.stoa.org/places/530826
urn:cite2:hmt:place.v1:place44,attos,port city in the Peloponnese,"tagging=""Myrmidons"" commenting=""Commander: Achilles"" coordinates=""22.719464, 37.631561""",https://pleiades.stoa.org/places/570106
urn:cite2:hmt:place.v1:place387,Trikka,"or Trikke, a city in Thessaly, birthplace of Asclepius","commenting=""Commanders: Asklepios, Podaleirios, Machaon"" coordinates=""21.762589, 39.558752""",https://pleiades.stoa.org/places/541163
urn:cite2:hmt:place.v1:place70,Thrace,region NE of Greece near Turkey,"tagging=""Thracians"" commenting=""Commanders: Akamas, Peirous"" coordinates=""25.75, 41.75""",https://pleiades.stoa.org/places/501638
urn:cite2:exploreHomer:place.v1:place54,Elis,"An ancient place, cited: BAtlas 58 A2 Elis (1)","coordinates=""21.25, 37.75""",https://pleiades.stoa.org/places/570221
urn:cite2:hmt:place.v1:place180,Scolus,a town in Boeotia,"tagging=""Boeotians"" commenting=""Commanders: Arkesilaos, Prothoenor, Klonios"" coordinates=""23.403247, 38.317722""",https://pleiades.stoa.org/places/541106
urn:cite2:exploreHomer:place.v1:place56,Mykalessos,"An ancient place, cited: BAtlas 55 F4 Mykalessos","tagging=""Boeotians"" commenting=""Commanders: Arkesilaos, Prothoenor, Klonios"" coordinates=""23.545847, 38.415804""",https://pleiades.stoa.org/places/540953
urn:cite2:hmt:place.v1:place147,Anthedon,town in Boeotia on the Euripus,"tagging=""Boeotians"" commenting=""Commanders: Arkesilaos, Prothoenor, Klonios"" coordinates=""23.448834, 38.498583""",https://pleiades.stoa.org/places/540639
urn:cite2:hmt:place.v1:place162,Epidarus,sanctuary to Ascleipius in the Peloponnese,"tagging=""Argolis"" commenting=""Commanders: Diomedes, Sthenelos, Euryalos"" coordinates=""23.079167, 37.596111""",https://pleiades.stoa.org/places/570228
urn:cite2:hmt:place.v1:place218,Sparta,Laconic city in the Peloponnese,"tagging=""Laconians"" commenting=""Commander: Menelaos"" coordinates=""22.42454, 37.08149""",https://pleiades.stoa.org/places/570685
urn:cite2:exploreHomer:place.v1:place57,Olenos,"An ancient place, cited: BAtlas 58 B1 Olenos","tagging=""Aetolians"" commenting=""Commander: Thoas"" coordinates=""21.640599, 38.153707""",https://pleiades.stoa.org/places/570528
urn:cite2:exploreHomer:place.v1:place58,Pylos,"An archaic through Roman settlement located at the Armatova hill, west of Agrapidochori in Ileia in the Peloponnese.","tagging=""Pylos"" commenting=""Commander: Nestor"" coordinates=""21.518025, 37.899734""",https://pleiades.stoa.org/places/570639
urn:cite2:hmt:place.v1:place394,Peneus,"or Peneius, a river in Thessaly","tagging=""Magnetes"" commenting=""Commander: Prothoos"" coordinates=""21.75, 39.75""",https://pleiades.stoa.org/places/541022
urn:cite2:exploreHomer:place.v1:place24,Maionia/Mysia,"An ancient place, cited: BAtlas 56 G4 Maionia/Mysia","tagging=""Meonians"" commenting=""Commanders: Mesthles, Antiphos"" coordinates=""28.25, 38.75""",https://pleiades.stoa.org/places/550710
urn:cite2:hmt:place.v1:place26,Rhodes,island off the SW coast of Turkey,"tagging=""Rhodians"" commenting=""Commander: Tleptolemos"" coordinates=""28.15629, 36.41451""",https://pleiades.stoa.org/places/590031
urn:cite2:hmt:place.v1:place200,Phylace,town in Thessaly,"tagging=""Phylake"" commenting=""Commander: Podarkes"" coordinates=""22.601194, 39.241202""",https://pleiades.stoa.org/places/541053
urn:cite2:exploreHomer:place.v1:place59,Argoura,"Argoura was a city of Thessalian Pelasgiotis that may have been the Homeric Argissa. The city was located on the Peneios river, some 40 stades from Atrax.","commenting=""Commanders: Polypoites, Leonteus"" coordinates=""22.34118, 39.65986""",https://pleiades.stoa.org/places/540659
urn:cite2:hmt:place.v1:place205,Titanus,mountain/town in Thessaly,"commenting=""Commander: Eurypylos"" coordinates=""22.17704, 39.55148""",https://pleiades.stoa.org/places/541150
urn:cite2:exploreHomer:place.v1:place60,Paisos,"An ancient place, cited: BAtlas 51 H4 Paisos","commenting=""Commander: Adrastos"" coordinates=""26.787097, 40.400225""",https://pleiades.stoa.org/places/501544
urn:cite2:exploreHomer:place.v1:place61,Phrygia,"An ancient place, cited: BAtlas 100 N4 Phrygia","tagging=""Phrygians"" commenting=""Commanders: Phorkys, Askanios"" coordinates=""32.5, 37.5""",https://pleiades.stoa.org/places/981543
urn:cite2:exploreHomer:place.v1:place62,Tmolos/Aureliopolis,"An ancient place, cited: BAtlas 56 F4 Tmolos/Aureliopolis","tagging=""Meonians"" commenting=""Commanders: Mesthles, Antiphos"" coordinates=""27.877777, 38.476241""",https://pleiades.stoa.org/places/550936
urn:cite2:exploreHomer:place.v1:place45,Lyrnessos,"An ancient place, cited: BAtlas 66 unlocated Lyrnessos",,https://pleiades.stoa.org/places/652355
urn:cite2:hmt:place.v1:place26,Rhodes,island off the SW coast of Turkey,"tagging=""Rhodians"" coordinates=""28.15629, 36.41451""",https://pleiades.stoa.org/places/590031
urn:cite2:hmt:place.v1:place328,Tiryns,a Mycenaean city in Argolis,"tagging=""Argolis"" commenting=""Commanders: Diomedes, Sthenelos, Euryalos"" coordinates=""22.80004, 37.59918""",https://pleiades.stoa.org/places/570740
urn:cite2:hmt:place.v1:place213,Orneae,"Orneiae, town in Argolis","tagging=""Mycenaeans"" commenting=""Commander: Agamemnon"" coordinates=""22.557292, 37.713973""",https://pleiades.stoa.org/places/570537
urn:cite2:exploreHomer:place.v1:place63,Epitalion,"An ancient place, cited: BAtlas 58 A2 Epitalion","tagging=""Pylos"" commenting=""Commander: Nestor"" coordinates=""21.48464, 37.63092""",https://pleiades.stoa.org/places/570231
urn:cite2:exploreHomer:place.v1:place64,Amphigeneia,"An ancient settlement, attested by literary or documentary sources, whose precise location cannot be determined today","tagging=""Pylos"" commenting=""Commander: Nestor""",https://pleiades.stoa.org/places/573083
urn:cite2:hmt:place.v1:place158,Chalcis,town in Aetolia,"tagging=""Aetolians"" commenting=""Commander: Thoas"" coordinates=""23.602, 38.464""",https://pleiades.stoa.org/places/540703
urn:cite2:exploreHomer:place.v1:place65,Kasios (river),"An ancient place, cited: BAtlas 88 G3 Kasios fl.","commenting=""Commanders: Pheidippos, Antiphos"" coordinates=""48.5, 41.5""",https://pleiades.stoa.org/places/863823
urn:cite2:hmt:place.v1:place30,Boeotia,region containing the Greek Thebes,"tagging=""Boeotians"" commenting=""Commanders: Arkesilaos, Prothoenor, Klonios"" coordinates=""23.184677533333, 38.346688033333""",https://pleiades.stoa.org/places/540689
urn:cite2:hmt:place.v1:place101,Aegina,"Island off the western coast of Attica, formerly known as Oenone","tagging=""Argolis"" commenting=""Commanders: Diomedes, Sthenelos, Euryalos"" coordinates=""23.42372, 37.74991""",https://pleiades.stoa.org/places/579844
urn:cite2:hmt:place.v1:place171,Iolcus,city in Thessaly,"tagging=""Pheraians"" commenting=""Commander: Admetos"" coordinates=""22.96886, 39.366305""",https://pleiades.stoa.org/places/540837
urn:cite2:hmt:place.v1:place150,Locris Ozolia,"home of the Ozolae, tribe of Locrians","tagging=""Locrians"" commenting=""Commander: Ajax Oileus"" coordinates=""21.75, 38.25""",https://pleiades.stoa.org/places/540919
urn:cite2:hmt:place.v1:place257,Selleeis,"or Selleis,a river in the Troad near Arisbe","coordinates=""26.75, 40.25""",https://pleiades.stoa.org/places/501604
urn:cite2:hmt:place.v1:place344,Dorion,"or Dorio, a town in the Peloponnese where Thamyris contested with the Muses","tagging=""Pylos"" commenting=""Commander: Nestor"" coordinates=""21.88255, 37.26708""",https://pleiades.stoa.org/places/570202
urn:cite2:hmt:place.v1:place318,Scarphe,"a place in Locris, near Thermopylae","tagging=""Locrians"" commenting=""Commander: Ajax Oileus"" coordinates=""22.6834197, 38.81072""",https://pleiades.stoa.org/places/541103
urn:cite2:exploreHomer:place.v1:place66,Abydon/Amydon,"An ancient place, cited: BAtlas 50 unlocated Abydon § Amydon","tagging=""Paeonians"" commenting=""Commander: Pyraikhmes""",https://pleiades.stoa.org/places/494527
urn:cite2:hmt:place.v1:place75,Lycia,region in Anatolia,"tagging=""Lycians"" commenting=""Commanders: Sarpedon, Glaukos"" coordinates=""29.25, 36.75""",https://pleiades.stoa.org/places/638965
urn:cite2:exploreHomer:place.v1:place67,Caria (region),A historical region of western Anatolia.,"tagging=""Carians"" commenting=""Commanders: Nastes"" coordinates=""27.75, 37.75""",https://pleiades.stoa.org/places/599564
urn:cite2:hmt:place.v1:place173,Delphi,Home of Pythian oracle; sacred to Apollo,"tagging=""Phocaeans"" commenting=""Commanders: Schedios, Epistrophos"" coordinates=""22.501169, 38.482289""",https://pleiades.stoa.org/places/540726
urn:cite2:hmt:place.v1:place195,Daulis,city in Phocis,"tagging=""Phocaeans"" commenting=""Commanders: Schedios, Epistrophos"" coordinates=""22.72926, 38.50665""",https://pleiades.stoa.org/places/540723
urn:cite2:hmt:place.v1:place330,Asine,a town in Argolis,"tagging=""Argolis"" commenting=""Commanders: Diomedes, Sthenelos, Euryalos"" coordinates=""22.87403, 37.52659""",https://pleiades.stoa.org/places/570124
urn:cite2:hmt:place.v1:place351,Stymphalus,a small city in Arcadia,"tagging=""Arcadians"" commenting=""Commander: Agapenor"" coordinates=""22.45931, 37.85932""",https://pleiades.stoa.org/places/570696
urn:cite2:exploreHomer:place.v1:place68,Arene/Arena,"An ancient settlement, attested by literary or documentary sources, whose precise location cannot be determined today","tagging=""Pylos"" commenting=""Commander: Nestor""",https://pleiades.stoa.org/places/573114
urn:cite2:exploreHomer:place.v1:place28,Titaresios (river),"An ancient place, cited: BAtlas 55 C1 Titaresios fl.","coordinates=""22.25, 39.75""",https://pleiades.stoa.org/places/541151
urn:cite2:hmt:place.v1:place394,Peneus,"or Peneius, a river in Thessaly","coordinates=""21.75, 39.75""",https://pleiades.stoa.org/places/541022
urn:cite2:hmt:place.v1:place257,Selleeis,"or Selleis,a river in the Troad near Arisbe","coordinates=""26.75, 40.25""",https://pleiades.stoa.org/places/501604
urn:cite2:exploreHomer:place.v1:place69,Paionia,"An ancient place, cited: BAtlas 50 A1 Paionia","tagging=""Paeonians"" commenting=""Commander: Pyraikhmes"" coordinates=""21.75, 41.75""",https://pleiades.stoa.org/places/491680
urn:cite2:exploreHomer:place.v1:place70,Ilion,"An ancient place, cited: BAtlas 50 unlocated Ilion",,https://pleiades.stoa.org/places/494571
urn:cite2:exploreHomer:place.v1:place71,Thebe,"An ancient place, cited: BAtlas 56 E2 Thebe","coordinates=""27.020171, 39.597431""",https://pleiades.stoa.org/places/550919
urn:cite2:hmt:place.v1:place188,Bessa,"or Besa, in Locris","tagging=""Locrians"" commenting=""Commander: Ajax Oileus""",https://pleiades.stoa.org/places/543653
urn:cite2:exploreHomer:place.v1:place72,Rhipe/Rhype,"An ancient place, cited: BAtlas 58 unlocated Rhipe/Rhype Ins.","tagging=""Arcadians"" commenting=""Commander: Agapenor""",https://pleiades.stoa.org/places/573502
urn:cite2:hmt:place.v1:place120,Miletus,city in the Anatolia province of modern-day Turkey,"tagging=""Cretans"" commenting=""Commander: Idomeneus"" coordinates=""27.2774885, 37.5292362""",https://pleiades.stoa.org/places/599799
urn:cite2:hmt:place.v1:place362,Lyctus,"a city in Crete, east of Cnosus","tagging=""Cretans"" commenting=""Commander: Idomeneus"" coordinates=""25.368687, 35.207811""",https://pleiades.stoa.org/places/589918
urn:cite2:hmt:place.v1:place376,Trachis,town in Thessaly,"tagging=""Myrmidons"" commenting=""Commander: Achilles"" coordinates=""22.442503, 38.790767""",https://pleiades.stoa.org/places/541157
urn:cite2:exploreHomer:place.v1:place73,Asterion/Peirasia,"An ancient place, cited: BAtlas 55 C2 Asterion/Peirasia","commenting=""Commander: Eurypylos"" coordinates=""22.102561, 39.423219""",https://pleiades.stoa.org/places/540674
urn:cite2:hmt:place.v1:place6,Ilium,ancient name for Troy,"tagging=""Trojans"" commenting=""Commander: Hektor"" coordinates=""26.23873, 39.9577""",https://pleiades.stoa.org/places/550595
urn:cite2:exploreHomer:place.v1:place74,Eryth(r)inoi,"An ancient place, cited: BAtlas 86 C2 Eryth(r)inoi","tagging=""Paphlagonians"" commenting=""Commander: Pylaimenes"" coordinates=""32.484075, 41.779469""",https://pleiades.stoa.org/places/844918
urn:cite2:hmt:place.v1:place326,Styra,a town in Euboea,"tagging=""Abantes"" commenting=""Commander: Elphenor"" coordinates=""24.2607, 38.1455""",https://pleiades.stoa.org/places/541117
urn:cite2:hmt:place.v1:place100,Euboea,"the island separated from Boeotia by the Euripus, named by Homer as the home of the Abantes","tagging=""Abantes"" commenting=""Commander: Elphenor"" coordinates=""23.87, 38.53""",https://pleiades.stoa.org/places/540775
urn:cite2:hmt:place.v1:place325,Carystus,"or Karystos, a town at the southern extremity of Euboea","tagging=""Abantes"" commenting=""Commander: Elphenor"" coordinates=""24.4204, 38.0165""",https://pleiades.stoa.org/places/570336
urn:cite2:hmt:place.v1:place100,Euboea,"the island separated from Boeotia by the Euripus, named by Homer as the home of the Abantes","tagging=""Abantes"" commenting=""Commander: Elphenor"" coordinates=""23.87, 38.53""",https://pleiades.stoa.org/places/540775
urn:cite2:exploreHomer:place.v1:place75,Maliacus Sinus,Maliacus Sinus (Malian Gulf) is a gulf of the Aegean Sea in eastern central Greece. The gulf is located in the region of Phthiotis.,"tagging=""Argolis"" commenting=""Commanders: Diomedes, Sthenelos, Euryalos"" coordinates=""22.6337672, 38.8678937""",https://pleiades.stoa.org/places/540929
urn:cite2:hmt:place.v1:place84,Phaestus,city on Crete,"tagging=""Cretans"" commenting=""Commander: Idomeneus"" coordinates=""24.8143, 35.05138""",https://pleiades.stoa.org/places/589987
urn:cite2:hmt:place.v1:place3,Hellas,Greece,"tagging=""Myrmidons"" commenting=""Commander: Achilles"" coordinates=""22.5, 37.5""",https://pleiades.stoa.org/places/1001896
urn:cite2:hmt:place.v1:place5,Mycenae,city in the Peloponnese,"tagging=""Mycenaeans"" commenting=""Commander: Agamemnon"" coordinates=""22.756111, 37.730833""",https://pleiades.stoa.org/places/570491
urn:cite2:exploreHomer:place.v1:place76,Pherai,"An Archaic period to Roman period settlement located near Kalamata, Messinia in the Peloponnese.","tagging=""Pheraians"" commenting=""Commander: Admetos"" coordinates=""22.25, 37.25""",https://pleiades.stoa.org/places/570596
urn:cite2:exploreHomer:place.v1:place77,Dodona,"An ancient settlement, attested by literary or documentary sources, whose precise location cannot be determined today","tagging=""Peraebi"" commenting=""Commander: Guneus""",https://pleiades.stoa.org/places/543686
urn:cite2:hmt:place.v1:place57,Pelion,mountain in Southeast Thessaly,"coordinates=""23.0465058, 39.43722""",https://pleiades.stoa.org/places/541021
urn:cite2:exploreHomer:place.v1:place6,Oichalia?,"An ancient place, cited: BAtlas 55 G3 Oichalia?","coordinates=""24.099827, 38.602679""",https://pleiades.stoa.org/places/540971
urn:cite2:hmt:place.v1:place44,attos,port city in the Peloponnese,"tagging=""Argolis"" commenting=""Commanders: Diomedes, Sthenelos, Euryalos"" coordinates=""22.719464, 37.631561""",https://pleiades.stoa.org/places/570106
urn:cite2:hmt:place.v1:place333,Sicyon,a city on the south shore of the gulf of Corinth,"tagging=""Mycenaeans"" commenting=""Commander: Agamemnon"" coordinates=""22.71135, 37.98336""",https://pleiades.stoa.org/places/570668
urn:cite2:hmt:place.v1:place403,Axius,river in Macedonia,"tagging=""Paeonians"" commenting=""Commander: Pyraikhmes"" coordinates=""22.5226845, 41.0572437""",https://pleiades.stoa.org/places/491534
urn:cite2:hmt:place.v1:place119,Mycale,"a promontory in lydia Minor, opposite Samos","tagging=""Carians"" commenting=""Commander: Nastes"" coordinates=""27.12558, 37.66144""",https://pleiades.stoa.org/places/599805
urn:cite2:hmt:place.v1:place133,Graia,town in Boeotia,"tagging=""Boeotians"" commenting=""Commanders: Arkesilaos, Prothoenor, Klonios"" coordinates=""23.630098, 38.387159""",https://pleiades.stoa.org/places/540796
urn:cite2:hmt:place.v1:place311,Onchestus,"a town in Boeotia, sacred to Poseidon","tagging=""Boeotians"" commenting=""Commanders: Arkesilaos, Prothoenor, Klonios"" coordinates=""23.146959, 38.364863""",https://pleiades.stoa.org/places/540984
urn:cite2:exploreHomer:place.v1:place78,Chalkis,"An ancient place, cited: BAtlas 54 D2 Chalkis","tagging=""Abantes"" commenting=""Commander: Elphenor"" coordinates=""21.208974, 39.680546""",https://pleiades.stoa.org/places/530827
urn:cite2:hmt:place.v1:place176,Alpheius,river in Arcadia and Elis,"tagging=""Pylos"" commenting=""Commander: Nestor"" coordinates=""21.25, 37.75""",https://pleiades.stoa.org/places/570067
urn:cite2:exploreHomer:place.v1:place79,Pylene?,"An ancient place, cited: BAtlas 55 A4 Pylene?","tagging=""Aetolians"" commenting=""Commander: Thoas"" coordinates=""21.381502, 38.464548""",https://pleiades.stoa.org/places/541079
urn:cite2:exploreHomer:place.v1:place80,Gyrton(e),An ancient city of Thessaly.,"commenting=""Commanders: Polypoites, Leonteus"" coordinates=""22.569853, 39.798151""",https://pleiades.stoa.org/places/540798
urn:cite2:exploreHomer:place.v1:place81,Salamis,"An ancient place, cited: BAtlas 59 B3 Salamis","commenting=""Commander: Ajax"" coordinates=""23.5314735, 37.947768""",https://pleiades.stoa.org/places/580100
urn:cite2:exploreHomer:place.v1:place82,Perraibia,"An ancient place, cited: BAtlas 55 B1 Perraibia","tagging=""Peraebi"" commenting=""Commander: Guneus"" coordinates=""21.75, 39.75""",https://pleiades.stoa.org/places/541027
urn:cite2:hmt:place.v1:place212,Magnesia,region in North Eastern Greece,"tagging=""Magnetes"" commenting=""Commander: Prothoos"" coordinates=""22.75, 39.75""",https://pleiades.stoa.org/places/540923
urn:cite2:exploreHomer:place.v1:place83,Cytorus M.,"An ancient place, cited: BAtlas 86 C2 Cytorus M.","tagging=""Paphlagonians"" commenting=""Commander: Pylaimenes"" coordinates=""32.8960606, 41.8111899""",https://pleiades.stoa.org/places/844898
urn:cite2:hmt:place.v1:place29,Aulis,town in Boeotia,"tagging=""Boeotians"" commenting=""Commanders: Arkesilaos, Prothoenor, Klonios"" coordinates=""23.5925, 38.4335""",https://pleiades.stoa.org/places/579889
urn:cite2:hmt:place.v1:place184,Eutresis,a town in Boeotia,"tagging=""Boeotians"" commenting=""Commanders: Arkesilaos, Prothoenor, Klonios"" coordinates=""23.20466, 38.268249""",https://pleiades.stoa.org/places/540787
urn:cite2:exploreHomer:place.v1:place84,Medeon,"An ancient place, cited: BAtlas 55 D4 Medeon","tagging=""Boeotians"" commenting=""Commanders: Arkesilaos, Prothoenor, Klonios"" coordinates=""22.6827, 38.36754""",https://pleiades.stoa.org/places/540939
urn:cite2:hmt:place.v1:place140,Haliartus,"aka Aliartos, town in Boeotia","tagging=""Boeotians"" commenting=""Commanders: Arkesilaos, Prothoenor, Klonios"" coordinates=""23.088416, 38.379818""",https://pleiades.stoa.org/places/540801
urn:cite2:hmt:place.v1:place154,Abantes,USE EPONYMOUS ANCESTOR INSTEAD,"tagging=""Abantes"" commenting=""Commander: Elphenor"" coordinates=""23.75, 38.75""",https://pleiades.stoa.org/places/540583
urn:cite2:hmt:place.v1:place338,Pharis,"town in Laconia, south of Amyclae","tagging=""Laconians"" commenting=""Commander: Menelaos"" coordinates=""22.2805645, 37.029321""",https://pleiades.stoa.org/places/570591
urn:cite2:exploreHomer:place.v1:place85,Aigialos,"An ancient place, cited: BAtlas 86 C2 Aigialos","tagging=""Paphlagonians"" commenting=""Commander: Pylaimenes"" coordinates=""33.002438, 41.891894""",https://pleiades.stoa.org/places/844852
urn:cite2:hmt:place.v1:place65,Elis,region of the Peloponnese,"tagging=""Elis"" commenting=""Commanders: Amphimakhos, Thalpios, Diores, Polyxenos"" coordinates=""21.37493, 37.89131""",https://pleiades.stoa.org/places/570220
urn:cite2:exploreHomer:place.v1:place86,*Pityaia,"An ancient place, cited: BAtlas 56 F3 *Pityaia","commenting=""Commander: Adrastos"" coordinates=""27.817113, 38.97582""",https://pleiades.stoa.org/places/550834
urn:cite2:hmt:place.v1:place57,Pelion,mountain in Southeast Thessaly,"tagging=""Magnetes"" commenting=""Commander: Prothoos"" coordinates=""23.0465058, 39.43722""",https://pleiades.stoa.org/places/541021
urn:cite2:hmt:place.v1:place262,Paphlagonia,Region on north coast of Anatolia,"tagging=""Paphlagonians"" commenting=""Commander: Pylaimenes"" coordinates=""33.238550216667, 41.448462966667""",https://pleiades.stoa.org/places/845034
urn:cite2:exploreHomer:place.v1:place87,Halikon,"An ancient settlement, attested by literary or documentary sources, whose precise location cannot be determined today","tagging=""Halizoni"" commenting=""Commanders: Odios, Epistrophos""",https://pleiades.stoa.org/places/652339
urn:cite2:hmt:place.v1:place160,Troezen,"a town in Argolis, near the shore of the Saronic gulf","tagging=""Argolis"" commenting=""Commanders: Diomedes, Sthenelos, Euryalos"" coordinates=""23.34845, 37.50303""",https://pleiades.stoa.org/places/570756
urn:cite2:exploreHomer:place.v1:place88,Stratie (island),"An ancient place, cited: BAtlas 58 unlocated Stratie Ins.","tagging=""Arcadians"" commenting=""Commander: Agapenor""",https://pleiades.stoa.org/places/573535
urn:cite2:hmt:place.v1:place120,Miletus,city in the Anatolia province of modern-day Turkey,"tagging=""Carians"" commenting=""Commander: Nastes"" coordinates=""27.2774885, 37.5292362""",https://pleiades.stoa.org/places/599799
urn:cite2:hmt:place.v1:place148,Orchomenus,"ancient city on Lake Copais in Boeotia, associated with the Minyans","tagging=""Orchomenos"" commenting=""Commanders: Askalaphos, Ialmenos"" coordinates=""22.959486, 38.495082""",https://pleiades.stoa.org/places/540987
urn:cite2:exploreHomer:place.v1:place89,Antrum,"An ancient place, cited: BAtlas 8 unlocated Antrum fl.","tagging=""Phylake"" commenting=""Commander: Podarkes""",https://pleiades.stoa.org/places/83813
urn:cite2:hmt:place.v1:place211,Meliboea,town in Magnesia,"tagging=""Methonians"" commenting=""Commander: Philoktetes""",https://pleiades.stoa.org/places/543784
urn:cite2:hmt:place.v1:place150,Locris Ozolia,"home of the Ozolae, tribe of Locrians","coordinates=""21.75, 38.25""",https://pleiades.stoa.org/places/540919
urn:cite2:hmt:place.v1:place181,Eteonus,a town in Boeotia,"tagging=""Boeotians"" commenting=""Commanders: Arkesilaos, Prothoenor, Klonios""",https://pleiades.stoa.org/places/543704
urn:cite2:hmt:place.v1:place149,Hyampolis,"town in Phocis, on the Cephissus","tagging=""Phocaeans"" commenting=""Commanders: Schedios, Epistrophos"" coordinates=""22.905228, 38.596346""",https://pleiades.stoa.org/places/540820
urn:cite2:hmt:place.v1:place317,Calliarus,town in Locris,"tagging=""Locrians"" commenting=""Commander: Ajax Oileus"" coordinates=""23.063388, 38.673354""",https://pleiades.stoa.org/places/540847
urn:cite2:exploreHomer:place.v1:place1,Phocaea,"An ancient settlement of Asia Minor, modern Foça in Turkey.","tagging=""Phocaeans"" commenting=""Commanders: Schedios, Epistrophos"" coordinates=""26.75261, 38.6684""",https://pleiades.stoa.org/places/550823
urn:cite2:hmt:place.v1:place163,Mases,"a town in Argolis, near Hermione","tagging=""Argolis"" commenting=""Commanders: Diomedes, Sthenelos, Euryalos"" coordinates=""23.142191, 37.417868""",https://pleiades.stoa.org/places/570463
urn:cite2:exploreHomer:place.v1:place33,Helos,"An ancient place, cited: BAtlas 56 C4 Helos","tagging=""Pylos"" commenting=""Commander: Nestor"" coordinates=""26.361312, 38.574035""",https://pleiades.stoa.org/places/550568
urn:cite2:hmt:place.v1:place352,Parrasia,"or Parrhassia, a town in Arcadia","tagging=""Arcadians"" commenting=""Commander: Agapenor"" coordinates=""22.25, 37.25""",https://pleiades.stoa.org/places/570564
urn:cite2:hmt:place.v1:place121,Meander,river of Caria,"tagging=""Carians"" commenting=""Commander: Nastes"" coordinates=""27.4713446, 37.6220196""",https://pleiades.stoa.org/places/599777
urn:cite2:exploreHomer:place.v1:place90,Iton?,"An ancient place, cited: BAtlas 55 D2 Iton?","tagging=""Phylake"" commenting=""Commander: Podarkes"" coordinates=""22.71106, 39.164654""",https://pleiades.stoa.org/places/540842
urn:cite2:hmt:place.v1:place252,Aesepus,a river that flows from Mt Ida near Troy,"tagging=""Teleans"" coordinates=""27.75, 40.25""",https://pleiades.stoa.org/places/511141
urn:cite2:exploreHomer:place.v1:place91,Poliochne,"A Bronze Age settlement on the island of Lemnos, Poliochne pre-dates Troy I and shows influence from the Greek mainland during Early Helladic II (ca. 2500 BC). Mycenaean horizons have also been identified.","coordinates=""25.3430314, 39.8537366""",https://pleiades.stoa.org/places/422676686
