ἀάπτους,ἄαπτος,a-p---fa-,شکست‌ناپذیر,Ref=1.567
ἀγαθός,ἀγαθός,a-s---mn-,نیک، دلیر,Ref=1.275
Ἀγαμέμνονι,Ἀγαμέμνων,n-s---md-,آگاممنون ,Ref=1.24
ἀγάννιφον,ἀγάννιφος,a-s---ma-,برف‌گرفته,Ref=1.420
ἄγγελοι,ἄγγελος,n-p---mv-,فرستاده,Ref=1.334
ἄγε,ἄγε,d--------,بیا، بیایید,Ref=1.62
ἤγερθεν,ἀγείρω,v3paip---,گرد آوردن,Ref=1.57
ἀγέραστος,ἀγέραστος,a-s---mn-,بدون پیشکشی,Ref=1.119
ἀγλαὰ,ἀγλαός,a-p---na-,درخشان,Ref=1.23
ἠγνοίησεν,ἀγνοέω,v3saia---,بی‌خبر بودن,Ref=1.537
ἀγορὴν,ἀγορά,n-s---fa-,مجمع، انجمن,Ref=1.54
ἀγορήσατο,ἀγοράομαι,v3saim---,سخن راندن، گفتن,Ref=1.73
ἀγορητής,ἀγορητής,n-s---mn-,سخن‌دان,Ref=1.248|SpaceAfter=No
ἄγειν,ἄγω,v--pna---,بردن، آوردن,Ref=1.99
ἀδάκρυτος,ἀδάκρυτος,a-s---mn-,بی اشک,Ref=1.415
αἰεὶ,ἀεί,d--------,همیشه,Ref=1.177
ἄειδε,ἀείδω,v2spma---,سرودن,Ref=1.1
ἀεικέα,ἀεικής,a-s---ma-,ننگین,Ref=1.97
ἀέκοντος,ἀέκων,a-s---mg-,ناگزیر,Ref=1.301
ἁζόμενοι,ἅζομαι,v-pppemn-,حرمت گذاشتن,Ref=1.21
ἀθανάτοιο,ἀθάνατος,a-s---fg-,نامیرا,Ref=1.530|SpaceAfter=No
ἀθέριζον,ἀθερίζω,v3piia---,سبک کردن,Ref=1.261|SpaceAfter=No
Ἀθήνη,Ἀθήνη,n-s---fn-,آتنا,Ref=1.194
Αἴαντος,Αἴας,n-s---mg-,آیاس,Ref=1.138
Αἰγαίων',Αἰγαίων,n-s---ma-,آیگایون,Ref=1.404|SpaceAfter=No
Αἰγεΐδην,Αἰγείδην,n-s---ma-,پور آیگئوس,Ref=1.265|SpaceAfter=No
αἰγιόχοιο,αἰγίοχος,a-s---mg-,دارنده‌ی آیگیس,Ref=1.202
αἰγλήεντος,αἰγλήεις,a-s---mg-,تابناک,Ref=1.532
αἰδεῖσθαί,αἰδέομαι,v--pne---,گرامی داشتن، شرمگین شدن,Ref=1.23
Ἄϊδι,Ἅιδης,n-s---md-, هادس,Ref=1.3
Αἰθιοπῆας,Αἰθίοψ,n-p---ma-,اتیوپیایی,Ref=1.423
αἴθοπα,αἶθοψ,a-s---ma-,تابان,Ref=1.462
αἷμα,αἷμα,n-s---nn-,خون,Ref=1.303
αἰνὰ,αἰνός,a-p---na-,نحس، شوم,Ref=1.414
αἰγῶν,αἴξ,n-p---mg-,بز,Ref=1.41|SpaceAfter=No
ἕλωμαι,αἱρέω,v1sase---,گرفتن، به چنگ آوردن,Ref=1.137
αἶσα,αἶσα,n-s---fn-,قسمت,Ref=1.416
αἴσῃ,αἶσις,n-s---fd-,قسمت,Ref=1.418
αἴτιοί,αἴτιος,a-p---mn-,تقصیرکار,Ref=1.153
αἰχμητάων,αἰχμητής,n-p---mg-,نیزه‌انداز,Ref=1.152
αἶψά,αἶψα,d--------,بی‌درنگ، ناگاه,Ref=1.303
ἀκέων,ἀκέων,a-s---mn-,خاموش,Ref=1.34
ἤκουσεν,ἀκούω,v3saia---,شنیدن,Ref=1.381|SpaceAfter=No
ἀκροτάτῃ,ἄκρος,a-s---fds,بالا,Ref=1.499
ἄλγεα,ἄλγος,n-p---na-,رنج,Ref=1.110
ἀλεγίζεις,ἀλεγίζω,v2spia---,وقع نهادن,Ref=1.160|SpaceAfter=No
ἀλεξέμεναι,ἀλέξω,v--pna---,دفاع کردن,Ref=1.590
ἁλίοιο,ἅλιος,a-s---mg-,دریا,Ref=1.538
ἀλλ',ἀλλά,d--------,دگر، اما، باری,Ref=1.24
ἄλλῃ,ἄλλῃ,d--------,جای دیگر,Ref=1.120|SpaceAfter=No
ἆλτο,ἅλλομαι,v3saim---,پریدن,Ref=1.532
ἄλλοι,ἄλλος,a-p---mv-,دیگر، دیگری,Ref=1.17
ἄλλοτ',ἄλλοτε,d--------,بار دیگر، آن بار,Ref=1.590
ἀλόχου,ἄλοχος,n-s---fg-,همسر,Ref=1.114|SpaceAfter=No
ἅλα,ἅλς,n-s---fa-,دریا,Ref=1.141
ἅμ',ἅμα,d--------,با هم، همگی,Ref=1.158
ἀμβρόσιαι,ἀμβρόσιος,a-p---fn-,خدایگون‌,Ref=1.529
ἠμείβετ',ἀμείβω,v3siie---,پاسخ دادن,Ref=1.121
ἄμεινον,ἀμείνων,a-s---nnc,بهتر، برتر,Ref=1.116|SpaceAfter=No
ἀμύμων,ἀμύμων,a-s---mn-,پارسا,Ref=1.92|SpaceAfter=No
ἄμυνον,ἀμύνω,v2sama---, در امان داشتن,Ref=1.456|SpaceAfter=No
ἀμύξεις,ἀμύσσω,v2sfia---,دریدن,Ref=1.243
ἀμφηρεφέα,ἀμφηρεφής,a-s---fa-,دوسرپوشیده,Ref=1.45
ἀμφ',ἀμφί,r--------,از دو سو، گرداگرد ,Ref=1.409
ἀμφιβέβηκας,ἀμφιβαίνω,v2sria---,پناه دادن,Ref=1.37
ἀμφιγυήεις,ἀμφιγύεις,a-s---mn-,خمیده‌پا,Ref=1.607
ἀμφικύπελλον,ἀμφικύπελλος,a-s---na-,دودسته,Ref=1.584
ἀμφιμέλαιναι,ἀμφιμέλας,a-p---fn-,سراسر سیاه,Ref=1.103
ἄμφω,ἄμφω,a-d---ma-,هر دو ,Ref=1.196
κ',ἄν,g--------,ادات وجهی,Ref=1.580
ἀνὰ,ἀνά,r--------,بر، در,Ref=1.570
ἀναβάντες,ἀναβαίνω,v-papamn-,بالا رفتن,Ref=1.312
ἀνάγοντο,ἀνάγω,v3piie---,رفتن، رهسپار گشتن,Ref=1.478
ἀνέδυ,ἀναδύνω,v3saia---,برآمدن,Ref=1.359
ἀναθηλήσει,ἀναθηλέω,v3sfia---,جوانه زدن,Ref=1.236|SpaceAfter=No
ἀναιδείην,ἀναίδεια,n-s---fa-,بی‌شرمی,Ref=1.149
ἀναιδὲς,ἀναιδής,a-s---mv-,بی‌شرم,Ref=1.158
ἀνελὼν,ἀναιρέω,v-sapamn-,بالا گرفتن، بالا بردن,Ref=1.301
ἀναΐξας,ἀναίσσω,v-sapamn-,بالا رفتن,Ref=1.584
ἄναξ,ἄναξ,n-s---mn-,شهریار,Ref=1.7
ἀνάποινον,ἀνάποινος,a-s---fa-,بی‌جان‌بها,Ref=1.99|SpaceAfter=No
ἀνάσσεις,ἀνάσσω,v2spia---,شهریاری کردن,Ref=1.38|SpaceAfter=No
ἀναφαίνεις,ἀναφαίνω,v2spia---,آشکار ساختن,Ref=1.87|SpaceAfter=No
ἥνδανε,ἁνδάνω,v3siia---,خشنود بودن,Ref=1.24
ἀνδροφόνοιο,ἀνδροφόνος,a-s---mg-,خونخوار,Ref=1.242
ἀνεκτά,ἀνεκτός,a-p---nn-,تحمل‌ناپذیر,Ref=1.573|SpaceAfter=No
ἄνεμος,ἄνεμος,n-s---mn-,باد,Ref=1.481
ἀνασχών,ἀνέχω,v-sapamn-,بالا بردن، خود را حفظ کردن,Ref=1.450|SpaceAfter=No
ἀνδρῶν,ἀνήρ,n-p---mg-,مرد,Ref=1.7
ἀνθερεῶνος,ἀνθερεών,n-s---mg-,چانه‌,Ref=1.501
ἀνθρώπων,ἄνθρωπος,n-p---mg-,آدم,Ref=1.250
ἀνιστάμενος,ἀνίστημι,v-sppemn-,برخاستن,Ref=1.58
ἀντάξιον,ἀντάξιος,a-s---nn-,هم‌ارزش,Ref=1.136
ἄντην,ἄντην,d--------,علیه، در مقابل,Ref=1.187|SpaceAfter=No
ἀντιόωσαν,ἀντιάω,v-sppafa-,دیدن، به دیدار رفتن,Ref=1.31|SpaceAfter=No
ἀντιβίην,ἀντιβίην,d--------,در برابر,Ref=1.278|SpaceAfter=No
ἀντιβίοισι,ἀντίβιος,a-p---nd-,ناسزاوار,Ref=1.304
ἀντίθεον,ἀντίθεος,a-s---ma-,خدای‌وار,Ref=1.264
ἀντίον,ἀντίον,n-s---na-,در برابر,Ref=1.230
ἀντίοι,ἀντίος,a-p---mn-,مقابل، در برابر,Ref=1.535
ἀντιφέρεσθαι,ἀντιφέρω,v--pne---,رو در رو شدن,Ref=1.589|SpaceAfter=No
ἄνωγεν,ἄνωγα,v3sria---,فرمان دادن,Ref=1.313|SpaceAfter=No
ἀποαίρεο,ἀπαίρω,v2spme---,گرفتن، بردن,Ref=1.275
ἀπαμειβόμενος,ἀπαμείβομαι,v-sppemn-,پاسخ دادن,Ref=1.84
ἀπάνευθε,ἀπάνευθε,d--------,دور از، سوی دوردست‌ها,Ref=1.35
ἅπαντες,ἅπας,a-p---mn-,همگی,Ref=1.535|SpaceAfter=No
ἀπατηλὸν,ἀπατηλός,a-s---nn-,دروغین,Ref=1.526
ἀπούρας,ἀπαυράω,v-sapamn-,بردن، گرفتن ,Ref=1.356|SpaceAfter=No
ἀπειλεῖς,ἀπειλέω,v2spia---,تهدید کردن، اخطار دادن,Ref=1.161|SpaceAfter=No
ἀπόειπ',ἀπεῖπον,v2sama---,نپذیرفتن، رد کردن,Ref=1.515|SpaceAfter=No
ἀπείρονα,ἀπείρων,a-s---ma-,بی‌پایان,Ref=1.350
ἀπερείσι',ἀπερείσιος,a-p---na-,بی‌اندازه,Ref=1.13
ἀπήμων,ἀπήμων,a-s---mn-,بی اندوه,Ref=1.415
ἀπηνέος,ἀπηνής,a-s---mg-,بی‌رحم,Ref=1.340
ἀπίθησε,ἀπιθέω,v3saia---, نافرمانی کردن,Ref=1.220
ἀπίης,ἄπιος,a-s---fg-,دور,Ref=1.270
ἀπὸ,ἀπό,r--------,از، به,Ref=1.67
ἀπεβήσετο,ἀποβαίνω,v3saim---,رفتن، دور شدن,Ref=1.428|SpaceAfter=No
ἀπεδέξατ',ἀποδέχομαι,v3saim---,پذیرفتن,Ref=1.95
ἀποδοῦναι,ἀποδίδωμι,v--ana---,وانهادن,Ref=1.134|SpaceAfter=No
ἄποινα,ἄποινα,n-p---na-,جان‌بها,Ref=1.13|SpaceAfter=No
ἀπολέσθαι,ἀπόλλυμι,v--anm---,نابود کردن، نابود گشتن,Ref=1.117|SpaceAfter=No
Ἀπόλλωνος,Ἀπόλλων,n-s---mg-,آپولون,Ref=1.14
ἀπολυμαίνεσθαι,ἀπολυμαίνομαι,v--pne---,(خود را) تطهیر کردن,Ref=1.313
ἀπέλυσε,ἀπολύω,v3saia---,آزاد کردن,Ref=1.95
ἀπονοστήσειν,ἀπονοστέω,v--fna---,به خانه بازگشتن,Ref=1.60|SpaceAfter=No
ἀποπαύεο,ἀποπαύω,v2spme---,حذر کردن,Ref=1.422
ἀπόστιχε,ἀποστείχω,v2sama---,بازگشتن,Ref=1.522
ἀποτείσομεν,ἀποτίνω,v1pfia---,تلافی کردن، جبران کردن,Ref=1.128|SpaceAfter=No
ἀπριάτην,ἀπρίατος,a-s---fa-,بی‌قیمت,Ref=1.99
ἥψατο,ἅπτω,v3saim---,گرفتن,Ref=1.512
ἀπώσει,ἀπωθέω,v3sfia---,کنار  گذاشتن,Ref=1.97
ἄρ,ἄρα,g--------,آنگاه، سپس، همانا,Ref=1.8
ἠρᾶθ',ἀράομαι,v3siie---,فرا خواندن,Ref=1.35
ἄρσαντες,ἀραρίσκω,v-papamn-,فراهم شده,Ref=1.136
ἀργαλέος,ἀργαλέος,a-s---mn-,دشوار,Ref=1.589
Ἀργείων,Ἀργεῖος,a-p---mg-,آرگیوس‌,Ref=1.79
ἀργούς,ἀργός,a-p---ma-,چابک,Ref=1.50|SpaceAfter=No
Ἄργεϊ,Ἄργος,n-s---nd-,آرگوس,Ref=1.30
ἀργυρέοιο,ἀργύρεος,a-s---mg-,سیمین,Ref=1.49
ἀργυρόπεζα,ἀργυρόπεζος,a-s---fn-,سیمین‌پا,Ref=1.538
ἀργυρότοξ',ἀργυρότοξος,a-s---mv-,سیمین‌کمان,Ref=1.451|SpaceAfter=No
ἀρείοσιν,ἀρείων,a-p----dc,بهتر,Ref=1.260
ἀρήξειν,ἀρήγω,v--fna---,یاری دادن,Ref=1.77|SpaceAfter=No
ἀρητῆρος,ἀρητήρ,n-s---fg-,کاهن,Ref=1.94
ἀριστήεσσιν,ἀριστεύς,n-p---md-,شایسته‌ترین‌,Ref=1.227
ἄριστος,ἄριστος,a-s---mn-,بهترین,Ref=1.69|SpaceAfter=No
ἀρνῶν,ἀρνός,n-p---mg-,گوسفند,Ref=1.66
ἀρνύμενοι,ἄρνυμαι,v-pppemn-,کسب کردن، به دست آوردن,Ref=1.159
ἀρχὸς,ἀρχός,n-s---mn-,راهبر، ناخدا,Ref=1.144
ἦρχε,ἄρχω,v3siia---,رهبری کردن، آغاز کردن,Ref=1.495|SpaceAfter=No
ἄσβεστος,ἄσβεστος,a-s---mn-,خاموش‌نشدنی‌,Ref=1.599
ἆσσον,ἆσσον,d--------,نزدیک‌تر,Ref=1.567
ἀστεροπητὴς,ἀστεροπητής,n-s---mn-,آذرخش‌انداز,Ref=1.580
αὐτὰρ,ἀτάρ,c--------,اما، از طرفی، با این حال,Ref=1.51
ἀταρτηροῖς,ἀταρτηρός,a-p---nd-,ناگوار,Ref=1.223
ἀτελεύτητον,ἀτελεύτητος,a-s---nn-,بی‌سرانجام,Ref=1.527
ἄτερ,ἄτερ,r--------,دور از,Ref=1.498
ἄτην,ἄτη,n-s---fa-,به بلاهت,Ref=1.412
ἠτίμασεν,ἀτιμάζω,v3saia---,بی‌احترام کردن,Ref=1.11
ἠτίμησ',ἀτιμάω,v3saia---,بی‌احترام کردن,Ref=1.94
ἄτιμος,ἄτιμος,a-s---mn-,بی‌احترام,Ref=1.171
Ἀτρεΐδης,Ἀτρείδης,n-s---mn-,پور آترئوس,Ref=1.411
ἀτρυγέτοιο,ἀτρύγετος,a-s---fg-,بی‌حاصل,Ref=1.316|SpaceAfter=No
αὖ,αὖ,d--------,باز,Ref=1.540
ηὔδα,αὐδάω,v3siia---,زبان گشودن,Ref=1.92
αὐδή,αὐδή,n-s---fn-,نوا، آوا,Ref=1.249|SpaceAfter=No
αὐέρυσαν,αὐερύω,v3paia---,پس کشیدن,Ref=1.459
αὖθι,αὖθι,d--------,آنجا,Ref=1.492
αὖτις,αὖθις,d--------,باز، دگر,Ref=1.27
ἀϋτήν,ἀυτή,n-s---fa-,هیاهو,Ref=1.492
αὐτῆμαρ,αὐτῆμαρ,d--------,همان‌روز,Ref=1.81
αὐτίχ',αὐτίκα,d--------,اینک، بی‌درنگ,Ref=1.118
αὐτοὺς,αὐτός,a-p---ma-,خود، او، آنها,Ref=1.4
αὐτοῦ,αὐτοῦ,d--------,همان‌جا,Ref=1.428
αὔτως,αὔτως,d--------,چنین، این گونه,Ref=1.133
ἀφαιρήσεσθαι,ἀφαιρέω,v--fnm---,(برای خود) بردن، ربودن,Ref=1.161
ἄφαρ,ἄφαρ,d--------,آنگاه، بی‌درنگ,Ref=1.349
ἄφενος,ἄφενος,n-s---na-,مال، ثروت,Ref=1.171
ἀφίει,ἀφίημι,v3siia---,معزول داشتن,Ref=1.25|SpaceAfter=No
ἀφύξειν,ἀφύσσω,v--fna---,کشیدن، گرد آوردن,Ref=1.171|SpaceAfter=No
Ἀχαιΐδα,Ἀχαιΐς,a-s---fa-, آخایی,Ref=1.254
Ἀχαιοῖς,Ἀχαιός,a-p---md-,آخایی,Ref=1.2
ἀχνύμενος,ἀχεύω,v-spppmn-,رنجیدن، زاری کردن,Ref=1.103|SpaceAfter=No
Ἀχιλῆος,Ἀχιλλεύς,n-s---mg-,آخیلئوس ,Ref=1.1
ἄχος,ἄχος,n-s---nn-,درد,Ref=1.188
ἂψ,ἄψ,d--------,دوباره، باز,Ref=1.60
βαθεῖαν,βαθύς,a-s---fa-,ژرف,Ref=1.532
βῆ,βαίνω,v3saia---,رفتن، قدم گذاشتن,Ref=1.44
βάλλ',βάλλω,v3siia---,انداختن، زدن,Ref=1.52|SpaceAfter=No
βαρείας,βαρύς,a-p---fa-,سنگین,Ref=1.89
βασιλῆϊ,βασιλεύς,n-s---md-,شاه,Ref=1.9
βέλεσσιν,βέλος,n-p---nd-,تیر,Ref=1.42|SpaceAfter=No
βένθεσσιν,βένθος,n-p---nd-,عمق,Ref=1.358
βηλοῦ,βηλός,n-s---mg-,دروازه‌,Ref=1.591
βίην,βία,n-s---fa-,زور,Ref=1.404
βιοῖο,βιός,n-s---mg-,کمان,Ref=1.49|SpaceAfter=No
βουλεύσαντε,βουλεύω,v-dapamn-,طرح ریختن,Ref=1.531
βουλή,βουλή,n-s---fn-,اراده‌، نقشه,Ref=1.5|SpaceAfter=No
βουληφόρος,βουληφόρος,a-s---mn-,رای‌زن,Ref=1.144
βούλεται,βούλομαι,v3spse---,خواستن، قصد کردن,Ref=1.67
βοῦς,βοῦς,n-p---fa-,گله‌,Ref=1.154
βοῶπις,βοῶπις,a-s---fn-,ثور-چشم,Ref=1.551
Βριάρεων,Βριάρεως,n-s---ma-,بریارئوس,Ref=1.403
Βρισῆος,Βρισεύς,n-s---mg-,بریسئوس,Ref=1.392
Βρισηΐδα,Βρισηίς,n-s---fa-,دخت‌بریسئوس,Ref=1.184
βροτοί,βροτός,n-p---mn-,میرا,Ref=1.272
βωμόν,βωμός,n-s---ma-,محراب,Ref=1.448|SpaceAfter=No
βωτιανείρῃ,βωτιάνειρα,n-s---fd-,جوان‌پرور,Ref=1.155
γαίῃ,γαῖα,n-s---fd-,سرزمین,Ref=1.245
γαίων,γαίω,v-sppamn-,مسرور,Ref=1.405|SpaceAfter=No
γὰρ,γάρ,g--------,زیرا، از آن رو,Ref=1.9
γε,γε,g--------,حتی، به هر رو,Ref=1.60
γείνατο,γείνομαι,v3saim---,زادن,Ref=1.280
γέλως,γέλως,n-s---mn-,خنده‌,Ref=1.599
γενεαὶ,γενεά,n-p---fn-,نسل,Ref=1.250
γεραιὸς,γεραιός,a-s---mn-,پیر,Ref=1.35
γέρας,γέρας,n-s---na-,پیشکشی,Ref=1.118
γέρον,γέρων,n-s---mv-, پیرمرد,Ref=1.26
γηθήσαι,γηθέω,v3saoa---,خرسند شدن، به وجد آمدن,Ref=1.255
γῆρας,γῆρας,n-s---nn-,پیری‌,Ref=1.29
γένετ',γίγνομαι,v3saim---,بودن، شدن,Ref=1.49
ἔγνω,γιγνώσκω,v3saia---,فهمیدن، شناختن,Ref=1.199
γλαυκῶπις,γλαυκῶπις,a-s---fn-,درخشان‌چشم,Ref=1.206
γλυκὺς,γλυκύς,a-s---mn-,شیرین,Ref=1.610
γλώσσης,γλῶσσα,n-s---fg-,زبان ,Ref=1.249
γούνων,γόνυ,n-p---ng-,زانو,Ref=1.407
γουνάσομαι,γουνάζομαι,v1sfie---,به زانو افتادن,Ref=1.427
γυνὴ,γυνή,n-s---fn-,زن,Ref=1.348
δαιμονίη,δαιμόνιος,a-s---fv-,فریفته,Ref=1.561
δαίμονας,δαίμων,n-p---ma-,ایزد، روح,Ref=1.222
δαίνυντ',δαίνυμι,v3piie---,جشن گرفتن,Ref=1.468|SpaceAfter=No
δαῖτα,δαίς,n-s---fa-, جشن، ضیافت,Ref=1.424|SpaceAfter=No
δάκρυ,δάκρυον,n-s---na-,اشک,Ref=1.413
δακρύσας,δακρύω,v-sapamn-,گریستن,Ref=1.349
δαμᾷ,δαμάζω,v3sfia---,در هم شکستن,Ref=1.61
Δαναοῖσιν,Δαναοί,n-p---md-,داناییان,Ref=1.456
δασμὸς,δασμός,n-s---mn-,تقسیم غنایم,Ref=1.166
δέδασται,δατέομαι,v3srie---,قسمت کردن,Ref=1.125|SpaceAfter=No
δ',δέ,g--------,و,Ref=1.3
ἔδεισεν,δείδω,v3saia---,ترسیدن,Ref=1.33
δειλός,δειλός,a-s---mn-,بزدل,Ref=1.293
δεινὴ,δεινός,a-s---fn-,سهمگین، هولناک,Ref=1.49
δεκάτῃ,δέκατος,a-s---fd-,دهم,Ref=1.54
δέμας,δέμας,n-s---na-, اندام,Ref=1.115
δεξιτερῇ,δεξιτερός,a-s---fd-,دست راست,Ref=1.501
δέος,δέος,n-s---nn-,ترس,Ref=1.515|SpaceAfter=No
δέπας,δέπας,n-s---na-,جام,Ref=1.584
δερκομένοιο,δέρκομαι,v-sppemg-,نگریستن، نظاره‌ کردن,Ref=1.88
ἔδειραν,δέρω,v3paia---, پوست کندن,Ref=1.459|SpaceAfter=No
δεσμῶν,δεσμός,n-p---mg-,بند,Ref=1.401|SpaceAfter=No
δεῦρο,δεῦρο,d--------,به اینجا,Ref=1.153
δεύτερον,δεύτερος,a-s---na-,دوباره، بعدی,Ref=1.513
δευόμενον,δεύω,v-sppema-,فاقد بودن، بی‌نصیب بودن,Ref=1.134|SpaceAfter=No
ἐδέξατο,δέχομαι,v3saim---,پذیرفتن,Ref=1.596
ἔδησαν,δέω,v3paia---,بستن، کم داشتن,Ref=1.406|SpaceAfter=No
δὴ,δή,g--------,اکنون، همانا,Ref=1.6
δηθύνοντ',δηθύνω,v-sppama-,درنگ کردن,Ref=1.27
ἐδηλήσαντ',δηλέομαι,v3paie---,آسیب رساندن,Ref=1.156|SpaceAfter=No
δημοβόρος,δημοβόρος,a-s---mn-, مردم‌خوار,Ref=1.231
δήν,δήν,d--------,بلند، طولانی,Ref=1.416|SpaceAfter=No
διὰ,διά,r--------,از طریق، میان,Ref=1.72
διάνδιχα,διάνδιχα,d--------,دودل، بین دو تصمیم,Ref=1.189
διεπράθομέν,διαπέρθω,v1paia---,غارت کردن,Ref=1.367
διαπρήσσουσα,διαπράσσω,v-sppafn-,در‌نوردیدن,Ref=1.483
διέτμαγεν,διατμήγω,v3paip---,جدا شدن,Ref=1.531|SpaceAfter=No
δοῖεν,δίδωμι,v3paoa---,دادن، اعطا کردن,Ref=1.18
διείρεο,διείρομαι,v2spme---,پرسیدن، جویا شدن,Ref=1.550
διέπουσ',διέπω,v3ppia---,پیش بردن، اداره کردن,Ref=1.166|SpaceAfter=No
διαστήτην,διίστημι,v3daia---,کناره گرفتن,Ref=1.6
δικαζέμεν,δικάζω,v--pna---,داوری کردن,Ref=1.542|SpaceAfter=No
δικασπόλοι,δικασπόλος,n-p---mn-,قانون‌گزار,Ref=1.238|SpaceAfter=No
διογενὲς,διογενής,a-s---nv-,زئوس‌تبار,Ref=1.337
δῖος,δῖος,a-s---mn-,خدای‌گون,Ref=1.7
διοτρεφέων,Διοτρεφής,a-p---mg-,زئوس‌پرورده,Ref=1.176
δίπτυχα,δίπτυχος,a-p---na-,دو لایه ,Ref=1.461
δολομῆτα,δολομήτης,n-s---mv-,فریبکار,Ref=1.540
δουρί,δόρυ,n-s---nd-,نیزه‌‌‌,Ref=1.303|SpaceAfter=No
Δρύαντά,Δρύας,n-s---ma-,دروآس,Ref=1.263
δυνήσεαι,δύναμαι,v2sfim---,توانستن,Ref=1.241
δύω,δύο,m--------,دو,Ref=1.16|SpaceAfter=No
δωδεκάτῃ,δωδέκατος,a-s---fd-,دوازدهم,Ref=1.425
δώματ',δῶμα,n-p---na-,سرا,Ref=1.18
δῶρα,δῶρον,n-p---na-,هدیه‌,Ref=1.390
οἱ,ἕ,p-s---md-,او,Ref=1.72
ἢν,ἐάν,c--------,حتی، اگر,Ref=1.90
ἔα,ἐάω,v2spma---,واگذاردن، رها کردن,Ref=1.276
ἐγγυαλίξαι,ἐγγυαλίζω,v--ana---,در دست نهادن,Ref=1.353
ἐμοὶ,ἐγώ,p-s---md-,من,Ref=1.20
ἐδητύος,ἐδητύς,n-s---fg-,غذا، خوردنی,Ref=1.469
ἑδέων,ἕδος,n-p---ng-,جایگاه، مسند,Ref=1.534
ἕζετ',ἕζομαι,v3spie---,نشستن,Ref=1.48
ἔθελον,ἐθέλω,v1siia---,خواستن,Ref=1.112
εἴ,εἰ,c--------,اگر,Ref=1.39
εἴδεται,εἴδομαι,v3spie---,به نظر رسیدن، نمودن,Ref=1.228
ἰδὼν,εἶδον,v-sapamn-,دیدن، نگریستن,Ref=1.148
αἴθ',εἴθε,i--------,کاش,Ref=1.415
ἐείκοσιν,εἴκοσι,m--------,بیست,Ref=1.309|SpaceAfter=No
ἔλσαι,εἴλω,v--ana---,در هم کوفتن,Ref=1.409
ἐστιν,εἰμί,v3spia---,بودن,Ref=1.63|SpaceAfter=No
εἶμι,εἶμι,v1spia---,رفتن,Ref=1.426
εἴποι,εἶπον,v3saoa---,گفتن,Ref=1.64
ἐς,εἰς,r--------,به، سوی، در,Ref=1.100
εἷς,εἷς,a-s---mn-,یک,Ref=1.144
ἐΐσας,ἔισος,a-p---fa-,هم‌سنگ,Ref=1.306
εἴσω,εἴσω,r--------, سوی  ,Ref=1.71
εἴτ',εἴτε,d--------,آیا,Ref=1.65
ἐξ,ἐκ,r--------,از، به، بیرون,Ref=1.6
ἑκάεργος,ἑκάεργος,a-s---mn-,دورتیرانداز,Ref=1.479
ἑκατηβελέταο,ἑκατηβελέτης,n-s---mg-, دورتیرانداز,Ref=1.75
ἑκατηβόλου,ἑκατηβόλος,a-s---mg-,دورتیرانداز,Ref=1.370
ἑκατόγχειρον,ἑκατόγχειρος,a-s---ma-,صدبازو ,Ref=1.402
ἑκατόμβης,ἑκατόμβη,n-s---fg-,قربانی,Ref=1.65|SpaceAfter=No
ἑκάτοιο,ἕκατος,n-s---mg-,دورتیرانداز,Ref=1.385|SpaceAfter=No
ἑκηβόλου,ἑκηβόλος,a-s---mg-,دورتیر‌انداز، هدف‌زن,Ref=1.14
ἐκπαγλότατ',ἔκπαγλος,a-s---mvs,سهمگین‌، سرسخت,Ref=1.146
ἐκπέρσαι,ἐκπέρθω,v--ana---,غارت کردن,Ref=1.19
ἐξέταμον,ἐκτέμνω,v3paia---,جدا کردن,Ref=1.460
Ἕκτορος,Ἕκτωρ,n-s---mg-,هکتور,Ref=1.242
ἤλασαν,ἐλαύνω,v3paia---,گریزاندن، افکندن,Ref=1.154
ἐλάφοιο,ἔλαφος,n-s---mg-,آهو,Ref=1.225|SpaceAfter=No
ἐέλδωρ,ἔλδωρ,n-s---na-,آرزو,Ref=1.504|SpaceAfter=No
ἐλέλιξεν,ἐλελίζω,v3saia---,به لرزه انداختن,Ref=1.530
ἑλικώπιδα,ἑλικῶπις,a-s---fa-,تیزچشم,Ref=1.98
ἑλίκωπες,ἑλίκωψ,a-p---mn-,تیزچشم,Ref=1.389
ἑλισσομένη,ἑλίσσω,v-sppefn-,چرخان,Ref=1.317
ἕλκετο,ἕλκω,v3siie---,کشیدن,Ref=1.194
ἑλώρια,ἑλώριον,n-p---na-,خرده‌طعمه‌,Ref=1.4
ἐμὸν,ἐμός,a-s---na-,من,Ref=1.31
ἔμπης,ἔμπας,d--------,این گونه,Ref=1.562
ἐμπεφυυῖα,ἐμφύω,v-srpafn-,چنگ زدن,Ref=1.513|SpaceAfter=No
ἐν,ἐν,r--------,در، میان,Ref=1.14
ἐναντίον,ἐναντίον,r--------,در برابر,Ref=1.534|SpaceAfter=No
ἐναρίζοι,ἐναρίζω,v3spoa---,کشتن، خون ریختن,Ref=1.191|SpaceAfter=No
ἐνδέξια,ἐνδέξιος,a-p---na-,(از چپ) به راست,Ref=1.597
ἔνδοθι,ἔνδοθι,d--------,از میان,Ref=1.243
ἐνῆεν,ἔνειμι,v3siia---,ماندن,Ref=1.593|SpaceAfter=No
ἕνεκ',ἕνεκα,r--------,به خاطر,Ref=1.94
ἔνθ',ἔνθα,d--------,در آنجا، آن هنگام,Ref=1.22
ἐνθάδε,ἐνθάδε,d--------,به اینجا,Ref=1.367
ἐννῆμαρ,ἐννῆμαρ,d--------,  نه روز,Ref=1.53
ἐνῶρτο,ἐνόρνυμι,v3saim---,برآمدن,Ref=1.599
ἐντὸς,ἐντός,r--------,به میان,Ref=1.432
ἔξαγε,ἐξάγω,v2spma---,بیرون آوردن,Ref=1.337
Ἐξάδιόν,Ἐξάδιος,n-s---ma-,اکسادیوس,Ref=1.264
ἐξαλαπάξαι,ἐξαλαπάζω,v--ana---,غارت کردن,Ref=1.129|SpaceAfter=No
ἐξαύδα,ἐξαυδάω,v2spma---,بلند گفتن,Ref=1.363|SpaceAfter=No
ἐξαῦτις,ἐξαῦτις,d--------,دگرباره,Ref=1.223
ἐξερέω,ἐξερέω,v1sfia---,بیان کردن، گفتن,Ref=1.212|SpaceAfter=No
ἑξείης,ἑξῆς,d--------,به ترتیب,Ref=1.448
ἐοικώς,ἔοικα,v-srpamn-,شبیه بودن، مانستن، سزاوار بودن,Ref=1.47|SpaceAfter=No
ἣν,ἑός,a-s---fa-,خویش,Ref=1.72
ἐπαγείρειν,ἐπαγείρω,v--pna---,گرد آوردن,Ref=1.126|SpaceAfter=No
ἐπαίτιοι,ἐπαίτιος,a-p---mn-,مقصر ,Ref=1.335
ἐπηπείλησ',ἐπαπειλέω,v3saia---,تهدید کردن,Ref=1.319
ἐπαρξάμενοι,ἐπάρχω,v-papmmn-,ساغر دادن، حکم‌ راندن,Ref=1.471
ἐπασσύτεροι,ἐπασσύτερος,a-p---mn-,یکی پس از دیگری,Ref=1.383|SpaceAfter=No
ἐπαύρωνται,ἐπαυρέω,v3pasm---, بهره بردن,Ref=1.410
ἐπεὶ,ἐπεί,c--------,هنگامی که، چون,Ref=1.57
ἔπεισιν,ἔπειμι,v3spia---,سر رسیدن,Ref=1.29
ἔπειτ',ἔπειτα,d--------,آنگاه، سپس,Ref=1.35
ἐπιέλπεο,ἐπέλπομαι,v2spme---,امید داشتن,Ref=1.545
ἐπέοικε,ἐπέοικε,v3sria---,سزاوار بودن,Ref=1.126
ἐπερχόμενον,ἐπέρχομαι,v-sppema-,آمدن,Ref=1.535|SpaceAfter=No
ἐπευφήμησαν,ἐπευφημέω,v3paia---,بانگ رضایت برآوردن,Ref=1.22
ἐπὶ,ἐπί,r--------,سوی، بر، با ,Ref=1.12
ἐπιγνάμψασα,ἐπιγνάμπτω,v-sapafn-,خم شدن، چندک زدن,Ref=1.569
ἐπιείκελον,ἐπιείκελος,a-s---ma-,همتا,Ref=1.265
ἐπιεικὲς,ἐπιεικής,a-s---nn-,درخور,Ref=1.547
ἐπιειμένε,ἐπιέννυμι,v-srppmv-,پوشیدن,Ref=1.149
ἐπίηρα,ἐπίηρα,n-p---na-,دلجویی کردن,Ref=1.578
ἐπικρήηνον,ἐπικραίνω,v2sama---,برآورده کردن,Ref=1.455
ἐπιμέμφεται,ἐπιμέμφομαι,v3spie---,شکوه می‌کردن,Ref=1.65
ἐπιπείθεο,ἐπιπείθομαι,v2spme---,اطاعت کردن، فرمان بردن,Ref=1.565
ἐπέπλεον,ἐπιπλέω,v3piia---,در نوردیدن,Ref=1.312
ἐπερρώσαντο,ἐπιρρώομαι,v3paim---,فرو باریدن,Ref=1.529
ἐπέσσυται,ἐπισεύω,v3spie---,رفتن,Ref=1.173|SpaceAfter=No
ἐπεστέψαντο,ἐπιστέφω,v3paim---,پر کردن,Ref=1.470
ἐπιτέλλεο,ἐπιτέλλω,v2spme---,فرمان دادن,Ref=1.295|SpaceAfter=No
ἐπιτηδὲς,ἐπιτηδές,d--------,به کفایت,Ref=1.142
ἐποίσει,ἐπιφέρω,v3sfia---,کوفتن، گذاشتن، زدن,Ref=1.89
ἐπιχθονίων,ἐπιχθόνιος,a-p---mg-,بر زمین، زمینی,Ref=1.266
ἐποιχομένην,ἐποίχομαι,v-sppefa-,تاختن، پیمودن، رج زدن,Ref=1.31
ἕποντο,ἕπομαι,v3piie---,همراه شدن، پیروی کردن,Ref=1.424|SpaceAfter=No
ἔπεσιν,ἔπος,n-p---nd-,سخن,Ref=1.77
ἔργα,ἔργον,n-p---nn-,کار، عمل، کردار,Ref=1.573
ἕρδον,ἔρδω,v3piia---,دادن، گزاردن,Ref=1.315
ἐρέθιζε,ἐρεθίζω,v2spma---,برانگیختن، خشمگین کردن,Ref=1.32
ἐρέθῃσιν,ἐρέθω,v3spsa---,خشمگین کردن,Ref=1.519
ἐρέτας,ἐρέτης,n-p---ma-,پاروزن,Ref=1.309
ἐρετμοῖς,ἐρετμόν,n-p---nd-,پارو,Ref=1.435|SpaceAfter=No
ἔρεψα,ἐρέφω,v1saia---,بام ساختن، سقف زدن,Ref=1.39|SpaceAfter=No
ἐρείομεν,ἐρέω,v1ppsa---,جویا شدن، پرسیدن,Ref=1.62
ἐρητύσειέ,ἐρητύω,v3saoa---,مهار کردن,Ref=1.192
ἐριβώλακι,ἐριβῶλαξ,a-s---fd-,حاصل‌خیز,Ref=1.155
ἐριδαίνετον,ἐριδαίνω,v2dpia---,عناد ورزیدن,Ref=1.574
ἐρίσαντε,ἐρίζω,v-dapamn-,عناد ورزیدن,Ref=1.6
ἔριδος,ἔρις,n-s---fg-,عناد، عنادورزی,Ref=1.319
ἕρκος,ἕρκος,n-s---nn-,حفاظ,Ref=1.284
ἕρματα,ἕρμα,n-p---na-,تیرک‌,Ref=1.486
ἐρέοντο,ἔρομαι,v3piie---,پرسیدن، طلب کردن,Ref=1.332|SpaceAfter=No
ἔρον,ἔρος,n-s---ma-,میل,Ref=1.469
ἐρύσσομεν,ἐρύω,v1pasa---,کشیدن، پاس داشتن,Ref=1.141
ἦλθε,ἔρχομαι,v3saia---,رفتن، آمدن,Ref=1.12
ἐρέω,ἐρῶ,v1sfia---,گفتن,Ref=1.76|SpaceAfter=No
ἐρωήσει,ἐρωέω,v3sfia---,روان شدن، هجوم آوردن,Ref=1.303
ἐσθλὸν,ἐσθλός,a-s---na-,نیکو,Ref=1.108
ἑτάρων,ἑταῖρος,n-p---mg-,هم‌رزم,Ref=1.349
ἑτέρωθεν,ἑτέρωθεν,d--------,از سوی دیگر,Ref=1.247
ἐτήτυμον,ἐτήτυμος,a-s---na-,راست، به راستی,Ref=1.558
ἔτι,ἔτι,d--------,هنوز، همچنان، دگر,Ref=1.96
ἑτοιμάσατ',ἑτοιμάζω,v2pama---,آماده کردن,Ref=1.118
εὖ,εὖ,d--------,نیک، خوب,Ref=1.19
ἐΰδμητον,εὔδμητος,a-s---ma-,نیک‌ساخته,Ref=1.448
ἐϋζώνοιο,εὔζωνος,a-s---fg-,نیک‌اندام,Ref=1.429
εὔκηλος,εὔκηλος,a-s---mn-,آسوده,Ref=1.554
ἐϋκνήμιδες,ἐυκνήμις,a-p---mv-,نیک‌زره‌پوشیده,Ref=1.17
ἠΰκομος,εὔκομος,a-s---fn-,نیک‌گیسو,Ref=1.36
εὐνὰς,εὐνή,n-p---fa-,لنگر، بستر,Ref=1.436
εὗρον,εὑρίσκω,v3paia---,یافتن,Ref=1.329
Εὐρυβάτην,Εὐρυβάτης,n-s---ma-,ائوروباتس,Ref=1.320
εὐρύοπα,εὐρύοπα,a-s---ma-,تیزبین,Ref=1.498
εὐρὺ,εὐρύς,a-s---na-,فراخ، گسترده,Ref=1.102
ἑῆος,ἐύς,a-s----g-,نیکو,Ref=1.393|SpaceAfter=No
εὖτ',εὖτε,c--------,وقتی,Ref=1.242
εὐτείχεον,εὐτείχεος,a-s---fa-,نیک‌دیوارکشیده‌,Ref=1.129
εὐχόμενος,εὔχομαι,v-sppemn-,دعا کردن، مباهات کردن,Ref=1.43|SpaceAfter=No
εὐχωλῆς,εὐχωλή,n-s---fg-,نیایش,Ref=1.65
ἐφετμέων,ἐφετμή,n-p---fg-,درخواست,Ref=1.495
ἐφιεὶς,ἐφίημι,v-sppamn-,فرستادن، انداختن، انگیختن,Ref=1.51
ἐχεπευκὲς,ἐχεπευκής,a-s---na-,بُرنده,Ref=1.51
ἔχθιστος,ἔχθιστος,a-s---mn-,منفورترین,Ref=1.176
ἐχθοδοπῆσαι,ἐχθοδοπέω,v--ana---,جدال کردن,Ref=1.518
ἔχων,ἔχω,v-sppamn-,داشتن، گرفتن,Ref=1.14
ἧος,ἕως,c--------,درحالی‌که,Ref=1.193
ζαθέην,ζάθεος,a-s---fa-,مقدس,Ref=1.38
ζῶντος,ζάω,v-sppamg-,زنده,Ref=1.88
Διὸς,Ζεύς,n-s---mg-,زئوس,Ref=1.5
ἢ,ἤ,c--------,یا، از (با صفات تفضیلی),Ref=1.27
ἦ,ἦ,d--------,به راستی، بی‌شک,Ref=1.77
ἠγαθέῃ,ἠγάθεος,a-s---fd-,مقدس,Ref=1.252|SpaceAfter=No
ἡγήσατ',ἡγέομαι,v3saim---,هدایت کردن,Ref=1.71
ἠδ',ἠδέ,c--------,و، نیز,Ref=1.41
ἤδη,ἤδη,d--------,اینک,Ref=1.590
ἦδος,ἦδος,n-s---nn-,لذت,Ref=1.576|SpaceAfter=No
ἡδυεπὴς,ἡδυεπής,a-s---mn-,خوش‌آوا,Ref=1.248
ἠὲ,ἠέ,c--------,یا,Ref=1.146
ἠέλιος,ἠέλιος,n-s---mn-,خورشید,Ref=1.475
ἠερίη,ἠέριος,a-s---fn-,سپیده‌دم,Ref=1.557
Ἠετίωνος,Ἠετίων,n-s---mg-,ائتیون,Ref=1.366|SpaceAfter=No
ἠέλιον,ἥλιος,n-s---ma-,خورشید,Ref=1.601
ἥλοισι,ἧλος,n-p---md-,گل‌میخ ,Ref=1.246
ἧσθαι,ἧμαι,v--rne---,نشستن,Ref=1.134
ἦμαρ,ἦμαρ,n-s---na-,روز,Ref=1.592
ἡμετέρῳ,ἡμέτερος,a-s---md-,ما,Ref=1.30
ἦ,ἠμί,v3siia---,گفتن,Ref=1.219
ἦμος,ἦμος,c--------, وقتی,Ref=1.477
ἠπείροιο,ἤπειρος,n-s---fg-,خشکی,Ref=1.485
Ἥρη,Ἥρα,n-s---fn-,هرا,Ref=1.55|SpaceAfter=No
ἠριγένεια,ἠριγένεια,a-s---fn-,نوزاده,Ref=1.477
ἥρως,ἥρως,n-p---mn-,پهلوان,Ref=1.102
ἤτοι,ἤτοι,g--------,همانا,Ref=1.211
ἦτορ,ἦτορ,n-s---nn-,قلب,Ref=1.188
ἠΰτ',ἠύτε,g--------,همچون,Ref=1.359
Ἥφαιστος,Ἥφαιστος,n-s---mn-,هِفایسْتوسِ,Ref=1.571
ἠχήεσσα,ἠχήεις,a-s---fn-,خروشان,Ref=1.157|SpaceAfter=No
ἧχι,ἧχι,d--------,آنجا، جایی,Ref=1.607
Ἠώς,ἠώς,n-s---fn-,پگاه,Ref=1.477|SpaceAfter=No
θαλάσσης,θάλασσα,n-s---fg-,دریا,Ref=1.34|SpaceAfter=No
θάμβησεν,θαμβέω,v3saia---,حیران شدن,Ref=1.199
θαμειαί,θαμέες,a-p---fn-,پرازدحام,Ref=1.52|SpaceAfter=No
θάνατόν,θάνατος,n-s---ma-,مرگ,Ref=1.60
θαρσήσας,θαρσέω,v-sapamn-,شهامت یافتن,Ref=1.85
θεὰ,θεά,n-s---fn-,الهه‌، ایزدبانو,Ref=1.595
θεινομένην,θείνω,v-sppefa-,ضربت‌خوردن,Ref=1.588|SpaceAfter=No
θέμιστας,θέμις,n-p---fa-,رسوم,Ref=1.238
θεοείκελ',θεοείκελος,a-s---mv-,خدای‌سان,Ref=1.131
θεοπροπέων,θεοπροπέω,v-sppamn-,پیشگویی کردن، الهام گرفتن,Ref=1.109
θεοπροπίας,θεοπροπία,n-p---fa-,الهام,Ref=1.87
θεῶν,θεός,n-p---mg-,خدا، ایزد,Ref=1.8
θεράποντε,θεράπων,n-d---mn-,پیشکار,Ref=1.321|SpaceAfter=No
θεσπεσίοιο,θεσπέσιος,a-s---mg-,آسمانی,Ref=1.591|SpaceAfter=No
Θεστορίδης,Θεστορίδης,n-s---mn-,پور تستور,Ref=1.69
Θέτις,Θέτις,n-s---fn-,تتیس,Ref=1.413
ἔθεεν,θέω,v3siia---,رفتن، دویدن,Ref=1.483
Θήβην,Θήβη,n-s---fa-,تبس,Ref=1.366
Θησέα,Θησεύς,n-s---ma-,تسئوس,Ref=1.265
θῖν',θίς,n-s---ma-,ساحل,Ref=1.316
θνήσκοντας,θνήσκω,v-pppama-,مردن‌,Ref=1.56
θνητῶν,θνητός,a-p---mg-,میرا,Ref=1.574
θοῇ,θοός,a-s---fd-,تیزرو,Ref=1.389
θρόνου,θρόνος,n-s---mg-,تخت پادشاهی,Ref=1.536|SpaceAfter=No
θυγάτηρ,θυγάτηρ,n-s---fn-,دختر,Ref=1.556
θυμῷ,θυμός,n-s---md-,دل، جان، خاطر,Ref=1.24|SpaceAfter=No
θύει,θύω,v3spia---,خروشیدن,Ref=1.342|SpaceAfter=No
θωρηχθῆναι,θωρήσσω,v--anp---,زره پوشیدن,Ref=1.226
ἴαχε,ἰάχω,v3siia---,خروشیدن، فریاد زدن,Ref=1.482
Ἰδομενεὺς,Ἰδομενεύς,n-s---mn-,ایدومنئوس,Ref=1.145
ἱερῆα,ἱερεύς,n-s---ma-,راهب، قدیس، کاهن,Ref=1.23
ἱερὰ,ἱερόν,n-p---na-,قربانی مقدس,Ref=1.147
ἱερὴν,ἱερός,a-s---fa-,مقدس,Ref=1.99
εἷσεν,ἵζω,v3saia---,نشاندن,Ref=1.311
ἕηκε,ἵημι,v3saia---,انداختن، فرستادن,Ref=1.48|SpaceAfter=No
ἱκάνει,ἱκάνω,v3spia---,آمدن,Ref=1.254|SpaceAfter=No
ἴκμενον,ἴκμενος,a-s---ma-,موافق,Ref=1.479
ἱκέσθαι,ἱκνέομαι,v--anm---,آمدن، رسیدن,Ref=1.19|SpaceAfter=No
ἱλασσάμενοι,ἱλάομαι,v-papmmn-,خرسند ساختن,Ref=1.100
ἵλαος,ἴλαος,a-s---mn-,مهربان,Ref=1.583
ἱλάσσεαι,ἱλάσκομαι,v2sasm---,خرسند ساختن، دلجویی کردن,Ref=1.147
Ἴλιον,Ἴλιος,n-s---fa-,ایلیوس,Ref=1.71
ἵνα,ἵνα,c--------, تا,Ref=1.203
ἰὸν,ἰός,n-s---ma-,تیر,Ref=1.48
ἵππους,ἵππος,n-p---fa-,اسب,Ref=1.154|SpaceAfter=No
ἴψαο,ἴπτομαι,v2saie---,سرکوب کردن، آشفتن,Ref=1.454
ἶσον,ἴσος,a-s---na-,همچون، برابر,Ref=1.163
στῆ,ἵστημι,v3saia---,ایستادن، ایستاندن,Ref=1.197
ἱστία,ἱστίον,n-p---na-,بادبان‌,Ref=1.433
ἱστοδόκῃ,ἱστοδόκη,n-s---fd-,پایه‌ی دکل,Ref=1.434
ἱστὸν,ἱστός,n-s---ma-,دکل، دار بافندگی,Ref=1.31
ἴσχεο,ἴσχω,v2spme---,خویشتن‌داری کردن,Ref=1.214|SpaceAfter=No
ἰφθίμους,ἴφθιμος,a-p---ma-,دلیر,Ref=1.3
ἶφι,ἶφι,d--------,توانمندانه,Ref=1.38
καθάπτεσθαι,καθάπτω,v--pne---,نزدیک شدن,Ref=1.582
καθέζετο,καθέζομαι,v3saia---,نشستن,Ref=1.500|SpaceAfter=No
καθεῦδ',καθεύδω,v3siia---,خوابیدن، آرمیدن,Ref=1.611
κάθησο,κάθημαι,v2srme---,نشستن,Ref=1.565|SpaceAfter=No
καὶ,καί,c--------,و، نیز,Ref=1.7
Καινέα,Καινεύς,n-s---ma-,کاینئوس,Ref=1.264
ἔκηα,καίω,v1saia---,سوزاندن، سوختن,Ref=1.40
κακήν,κακός,a-s---fa-,بد، ناگوار، سخت، شوم,Ref=1.10|SpaceAfter=No
καλέσσατο,καλέω,v3saim---,فرا خواندن,Ref=1.54
καλλιπάρῃον,καλλιπάρηος,a-s---fa-,خوبرو,Ref=1.369|SpaceAfter=No
καλὸν,καλός,a-s---ma-,زیبا,Ref=1.473
ἐκάλυψαν,καλύπτω,v3paia---,پوشاندن,Ref=1.460
Κάλχας,Κάλχας,n-s---mn-,کالخاس,Ref=1.69
κάμω,κάμνω,v1sasa---,خسته شدن، زحمت کشیدن,Ref=1.168
καπνῷ,καπνός,n-s---md-,دود,Ref=1.317|SpaceAfter=No
κραδίην,καρδία,n-s---fa-,قلب، دل,Ref=1.225
καρήνων,κάρηνον,n-p---ng-,قله‌، سر,Ref=1.44
καρπαλίμως,καρπάλιμος,d--------,سراسیمه، شتابان,Ref=1.359
καρπὸν,καρπός,n-s---ma-,محصول، میوه,Ref=1.156
καρτερός,καρτερός,a-s---mn-,قدرتمند,Ref=1.178
κατ',κατά,r--------,پایین، به، بر، در، میان,Ref=1.44
κατέδυ,καταδύω,v3saia---,پایین رفتن، غروب کردن,Ref=1.475
κακκείοντες,κατακείω,v-pfpamn-,آرمیدن، آسودن,Ref=1.606
κατάνευσον,κατανεύω,v2sama---,اشارت کردن، سر تکان دادن,Ref=1.514
καταπέψῃ,καταπέσσω,v3sasa---,فرو خوردن,Ref=1.81|SpaceAfter=No
κάππεσον,καταπίπτω,v1saia---,فرو افتادن,Ref=1.593
κατέρεξεν,καταρρέζω,v3saia---,نوازش کردن,Ref=1.361
κείμενα,κεῖμαι,v-pppena-,رها شدن، انبار شدن,Ref=1.124
κεῖνοι,κεῖνος,a-p---mn-,آنان,Ref=1.266
κελαινεφέϊ,κελαινεφής,a-s----d-,تاریک‌ابر,Ref=1.397
κελαινὸν,κελαινός,a-s---nn-,تیره‌‌,Ref=1.303
κέλευθα,κέλευθος,n-p---na-, راه‌، مسیر,Ref=1.312|SpaceAfter=No
κελόμην,κέλομαι,v1siie---,فرمان دادن,Ref=1.386
κερδαλεόφρον,κερδαλεόφρων,a-s---mv-,طمعکار,Ref=1.149
κερτομίοισι,κερτόμιος,a-p---nd-, طعنه‌آمیز، نیش‌دار,Ref=1.539
κεῦθε,κεύθω,v2spma---,پنهان کردن,Ref=1.363
κεφαλῇ,κεφαλή,n-s---fd-,سر,Ref=1.524
κήδε',κῆδος,n-p---na-, مصیبت‌,Ref=1.445
κήδετο,κήδω,v3siie---,نگران بودن,Ref=1.56
κῆλα,κῆλον,n-p---nn-,خدنگ‌، تیر، پیکان,Ref=1.53
κὴρ,κήρ,n-s---mn-,مرگ,Ref=1.228
κῆρ,κῆρ,n-s---na-,قلب، دل,Ref=1.44|SpaceAfter=No
κήρυκες,κῆρυξ,n-p---mn-,پیک‌,Ref=1.391
Κίλλάν,Κίλλα,n-s---fa-,کیلا,Ref=1.38
κινηθέντος,κινέω,v-sappmg-,حرکت کردن,Ref=1.47|SpaceAfter=No
κιχείω,κιχάνω,v1sasa---,رسیدن، زدن,Ref=1.26
κιὼν,κίω,v-sapamn-,رفتن,Ref=1.35
κλαγγὴ,κλαγγή,n-s---fn-,بانگ,Ref=1.49
ἔκλαγξαν,κλάζω,v3paia---,به صدا درآمدن,Ref=1.46
κλαίεις,κλαίω,v2spia---,گریستن,Ref=1.362|SpaceAfter=No
κλέπτε,κλέπτω,v2spma---,دزدیدن، پنهان کردن,Ref=1.132
κλισίην,κλισία,n-s---fa-,استراحتگاه,Ref=1.185
κλισίηθεν,κλισίηθεν,d--------,از استراحتگاه,Ref=1.391
Κλυταιμνήστρης,Κλυταιμνήστρη,n-s---fg-,کلوتایمْنِستْرِه,Ref=1.113
κλυτοτέχνης,κλυτοτέχνης,a-s---mn-,ستوده‌هنر,Ref=1.571
κλῦθί,κλύω,v2sama---,شنیدن,Ref=1.37
κνέφας,κνέφας,n-s---nn-,غروب,Ref=1.475
κνίσης,κνῖσα,n-s---fg-,دود پیه، پیه,Ref=1.66
κοίλῃς,κοῖλος,a-p---fd-,میان‌تهی,Ref=1.89
κοιμήσαντο,κοιμάω,v3paim---,به خواب رفتن,Ref=1.476
κουλεὸν,κολεόν,n-s---na-,غلاف,Ref=1.220
κολῳὸν,κολῳός,n-s---ma-,نزاع,Ref=1.575
κόμης,κόμη,n-s---fg-,مو,Ref=1.197
κομίσαντο,κομίζω,v3paim---,مراقبت کردن,Ref=1.594
κούρην,κόρη,n-s---fa-,دختر,Ref=1.98
κοῦροι,κόρος,n-p---mn-,پسر,Ref=1.473
κορυφῇ,κορυφή,n-s---fd-,قله‌,Ref=1.499
κορωνίσιν,κορωνίς,a-p---fd-,نوک‌خمیده,Ref=1.170|SpaceAfter=No
κοσμήτορε,κοσμήτωρ,n-d---ma-,فرمانده‌,Ref=1.16
κοτέοντος,κοτέω,v-sppamg-,کینه‌ توختن,Ref=1.181|SpaceAfter=No
κότον,κότος,n-s---ma-,کینه‌,Ref=1.82|SpaceAfter=No
κουριδίης,κουρίδιος,a-s---fg-,نکاحی، ازدواج کرده,Ref=1.114
κρήηνον,κραίνω,v2sama---,برآورده کردن,Ref=1.41
κρατὸς,κράς,n-s---fg-,سر، بالا,Ref=1.530
κρατερὸν,κρατερός,a-s---ma-,قاطع,Ref=1.25
κρατέει,κρατέω,v3spia---,قدرت داشتن,Ref=1.79
κρητῆρος,κρατήρ,n-s---mg-,قدح,Ref=1.598
κάρτιστοι,κράτιστος,a-p---mn-,قدرتمندترین,Ref=1.266
κράτος,κράτος,n-s---na-,قدرت,Ref=1.509
κρείσσων,κρείσσων,a-s---mnc,قدرتمندتر,Ref=1.80
κρείων,κρείων,n-s---mn-,حاکم، فرمانروا,Ref=1.102
κρήγυον,κρήγυος,a-s---na-, نیکو,Ref=1.106
ἔκρινεν,κρίνω,v3saia---,انتخاب کردن، گزیدن,Ref=1.309
Κρονίδη,Κρονίδης,n-s---mv-,پور خرونوس,Ref=1.552
Κρονίωνα,Κρονίων,n-s---ma-,پور خرونوس,Ref=1.539
κρυπτάδια,κρυπτάδιος,a-p---na-,پنهانی، مخفیانه,Ref=1.542
κτεινομένους,κτείνω,v-pppema-,کشتن,Ref=1.410|SpaceAfter=No
κυανέῃσιν,κυάνεος,a-p---fd-,سیاه، لاجوردی,Ref=1.528
κυδιάνειραν,κυδιάνειρα,a-s---fa-,شوکت‌آفرین,Ref=1.490
κύδιστε,κύδιστος,a-s---mv-,پرشوکت‌ترین,Ref=1.122
κῦδος,κῦδος,n-s---na-,ارج، شوکت,Ref=1.279
κῦμα,κῦμα,n-s---na-,موج,Ref=1.496
κυνῶπα,κυνώπης,n-s---mv-,سگ‌چشم,Ref=1.159
κύπελλον,κύπελλον,n-s---na-,جام,Ref=1.596|SpaceAfter=No
κυνὸς,κύων,n-s---mg-,سگ,Ref=1.225
κώπῃ,κώπη,n-s---fd-, قبضه‌، دسته,Ref=1.219
λάβεν,λαμβάνω,v3saia---,گرفتن، چیره شدن,Ref=1.387|SpaceAfter=No
λαμπετόωντι,λαμπετάω,v-sppand-,درخشیدن,Ref=1.104
λαμπρὸν,λαμπρός,a-s---nn-,تابان,Ref=1.605
λήθετ',λανθάνω,v3siie---,غافل ماندن، فراموش کردن,Ref=1.495
λαοί,λαός,n-p---mn-,مردم,Ref=1.10|SpaceAfter=No
λασίοισι,λάσιος,a-p---nd-,پرمو,Ref=1.189
λεῖβε,λείβω,v3siia---,ریختن,Ref=1.463|SpaceAfter=No
λέλοιπεν,λείπω,v3plia---,جدا شدن، جدا کردن، رها کردن,Ref=1.235|SpaceAfter=No
λευκὰ,λευκός,a-p---na-,سفید,Ref=1.480
λευκώλενος,λευκώλενος,a-s---fn-,سپیدبازو,Ref=1.55
λεύσσετε,λεύσσω,v2ppia---,دیدن,Ref=1.120
λέχος,λέχος,n-s---na-,بستر,Ref=1.31
λῆγ',λήγω,v3siia---,پایان دادن، دست برداشتن,Ref=1.319
Λήμνῳ,Λῆμνος,n-s---fd-,لِمْنوس,Ref=1.593|SpaceAfter=No
Λητοῦς,Λητώ,n-s---fg-,لتو,Ref=1.9
λιασθείς,λιάζομαι,v-sapemn-,خم شدن، خم کردن,Ref=1.349|SpaceAfter=No
λίην,λίαν,d--------,زیاد، بسیار,Ref=1.553
λιγὺς,λιγύς,a-s---mn-,شیوا,Ref=1.248
λιμένος,λιμήν,n-s---mg-,بندر,Ref=1.432
λίσσετο,λίσσομαι,v3siie---,التماس کردن، طلبیدن,Ref=1.15
λοίγια,λοίγιος,a-p---nn-,هلاکت‌بار,Ref=1.573
λοιγὸν,λοιγός,n-s---ma-,بلا، ویرانی,Ref=1.456
λοιμὸς,λοιμός,n-s---mn-,طاعون,Ref=1.61
λόχον,λόχος,n-s---ma-,کمینگاه,Ref=1.227
λύματα,λῦμα,n-p---na-,ناپاکی‌، چرک‌آب,Ref=1.314
λυσόμενός,λύω,v-sfpmmn-,رها کردن,Ref=1.13
λωβήσαιο,λωβάομαι,v2saoe---,درشتی کردن، گستاخی کردن,Ref=1.232|SpaceAfter=No
λώϊόν,λωίων,a-s---nnc,مطلوب‌تر، بهتر,Ref=1.229
μὰ,μά,g--------,(ادات) قسم بر,Ref=1.86
μακάρεσσι,μάκαρ,a-p---md-,فرخنده، خجسته,Ref=1.599
μακάρων,μάκαρος,a-p---mg-,فرخنده، خجسته,Ref=1.339
μακρὸν,μακρός,a-s---ma-,افراشته، بلند,Ref=1.402
μάλ',μάλα,d--------,بس، بسیار,Ref=1.554
μαλακοῖσιν,μαλακός,a-p---nd-,لطیف,Ref=1.582|SpaceAfter=No
μάλιστα,μάλιστα,d--------,بیشتر، بهتر,Ref=1.16
μᾶλλον,μᾶλλον,d--------,بس,Ref=1.563
μαντεύεσθαι,μαντεύομαι,v--pne---,پیشگویی کردن,Ref=1.107|SpaceAfter=No
μάντιν,μάντις,n-s---ma-,پیشگو,Ref=1.62
μαντοσύνην,μαντοσύνη,n-s---fa-,نیروی پیشگویی‌ ,Ref=1.72|SpaceAfter=No
μαρναμένοιϊν,μάρναμαι,v-dppemg-,جدال کردن، رزمیدن,Ref=1.257|SpaceAfter=No
μάρτυροι,μάρτυρος,n-p---mn-,شاهد ,Ref=1.338
μάχαι,μάχη,n-p---fn-,نبرد، رزم,Ref=1.177
μαχέοιντο,μάχομαι,v3ppoe---,رزمیدن، نبرد کردن,Ref=1.344
μεγάθυμοι,μεγάθυμος,a-p---mn-,گشاده دل,Ref=1.123
μεγάροισι,μέγαρον,n-p---nd-,تالار,Ref=1.418|SpaceAfter=No
μέγα,μέγας,a-s---na-,بزرگ، عظیم، بسیار,Ref=1.78
μεθέμεν,μεθίημι,v--ana---,فرونشاندن، دست برداشتن,Ref=1.283
μεθομίλεον,μεθομιλέω,v1siia---,هم‌سخن بودن,Ref=1.269
μείδησεν,μειδάω,v3saia---,لبخند زدن,Ref=1.595
ἔμμορε,μείρομαι,v3sria---,کسی را قسمت بودن مقدر بودن,Ref=1.278
μέλαιναν,μέλας,a-s---fa-,سیاه,Ref=1.141
μέλιτος,μέλι,n-s---ng-, شهد,Ref=1.249
μέλλει,μέλλω,v3spia---,قصد کردن، بر آن شدن,Ref=1.564
μέλποντες,μέλπω,v-pppamn-,ستودن,Ref=1.474
μελήσεται,μέλω,v3sfim---,نظر کردن، تامل کردن,Ref=1.523
μεμαῶτα,μέμαα,v-srpama-,خواستن، مشتاق بودن,Ref=1.590
μὲν,μέν,g--------,نیز، و,Ref=1.18
Μενελάῳ,Μενέλαος,n-s---md-,منلائوس,Ref=1.159
Μενοιτιάδῃ,Μενοιτιάδης,n-s---md-,پور منویتیوس,Ref=1.307
μένεος,μένος,n-s---ng-,غیظ,Ref=1.103
μεῖναι,μένω,v--ana---, ماندن,Ref=1.535
μερμήριξεν,μερμηρίζω,v3saia---,مردد بودن,Ref=1.189|SpaceAfter=No
μερόπων,μέροψ,a-p---mg-,میرا,Ref=1.250
μέσον,μέσος,a-s---na-,میانه ,Ref=1.481
μετὰ,μετά,r--------,میان، نزد، همراه,Ref=1.48
μετάλλα,μεταλλάω,v2spma---,جویا شدن، پرسیدن,Ref=1.550|SpaceAfter=No
μεταξὺ,μεταξύ,d--------,در میان,Ref=1.156
μετατρέπῃ,μετατρέπομαι,v2spie---,اعتنا کردن، گردیدن,Ref=1.160
μετέφη,μετάφημι,v3siia---,گفتن، سخن‌ راندن,Ref=1.58
μεταφρασόμεσθα,μεταφράζω,v1pfim---,بازگویی کردن,Ref=1.140
μετέειπεν,μετεῖπον,v3saia---, گفتن,Ref=1.73|SpaceAfter=No
μετόπισθεν,μετόπισθε,d--------,از آن پس، پس,Ref=1.82
μή,μή,d--------,نه (منفی‌ساز),Ref=1.26
μὴν,μήν,g--------,بی‌شک، نیز,Ref=1.302
μῆνιν,μῆνις,n-s---fa-,غضب,Ref=1.1
μήνιε,μηνίω,v3siia---,غضب گرفتن,Ref=1.488
μῆρε,μῆρα,n-d---nn-,ران,Ref=1.464
μηρί',μηρία,n-p---na-,استخوان ران‌,Ref=1.40
μηροῦ,μηρός,n-s---mg-,ران,Ref=1.190
μήτε,μήτε,g--------,نه (منفی‌ساز),Ref=1.277
μήτηρ,μήτηρ,n-s---fn-,مادر,Ref=1.280|SpaceAfter=No
μητίετα,μητίετα,n-s---mn-,رای‌زن,Ref=1.175
μνήσασα,μιμνήσκω,v-sapafn-,به یاد آوردن,Ref=1.407
μιν,μιν,p-s---fa-,او ,Ref=1.29
μίνυνθά,μίνυνθα,d--------,کم‌عمر، کوتاه‌مدت,Ref=1.416
μινυνθάδιόν,μινυνθάδιος,a-s---ma-,کوته‌عمر,Ref=1.352
μίστυλλόν,μιστύλλω,v3piia---,تکه کردن,Ref=1.465
μόγησα,μογέω,v1saia---,زحمت کشیدن، رنج بردن,Ref=1.162|SpaceAfter=No
μοῖραν,μοῖρα,n-s---fa-,قسمت، حق,Ref=1.286
μολπῇ,μολπή,n-s---fd-,رقص,Ref=1.472
Μουσάων,Μοῦσα,n-p---fg-,میوز، موسا,Ref=1.604
μυθήσασθαι,μυθέομαι,v--ane---,سخن گفتن,Ref=1.291|SpaceAfter=No
μῦθον,μῦθος,n-s---ma-,فرمان، سخن، کلام,Ref=1.25
μυρί',μυρίος,a-p---na-,بی‌شمار,Ref=1.2
Μυρμιδόνων,Μυρμιδόνες,n-p---mg-,مورمیدون‌ها,Ref=1.328
ναὶ,ναί,d--------,به راستی که، قسم بر ,Ref=1.234
ναιόμενον,ναίω,v-sppena-,اقامت گزیدن، ساکن شدن,Ref=1.164
νηὸν,ναός,n-s---ma-,معبد,Ref=1.39
νῆας,ναῦς,n-p---fa-,ناو، کشتی,Ref=1.12
νεικεῖ,νεικέω,v3spia---,سرزنش کردن، پرخاش کردن,Ref=1.521|SpaceAfter=No
νέκταρ,νέκταρ,n-s---na-,نکتار,Ref=1.598
νεκύων,νέκυς,n-p---mg-,جسد,Ref=1.52
νέηαι,νέομαι,v2spse---,رفتن، بازگشتن,Ref=1.32|SpaceAfter=No
νεωτέρω,νέος,a-d---mnc,جوان,Ref=1.259
Νέστωρ,Νέστωρ,n-s---mn-,نستور,Ref=1.247
νεῦσε,νεύω,v3saia---,اشارت کردن، اشاره کردن,Ref=1.528
νεφεληγερέτα,νεφεληγερέτα,n-s---mn-,ابرگردآور,Ref=1.511
νημερτὲς,νημερτής,a-s---na-,لغزش‌ناپذیر، وفادارانه,Ref=1.514
νικᾷ,νικάω,v3spsa---,پیروز شدن,Ref=1.576|SpaceAfter=No
νοῆσαι,νοέω,v--ana---,اندیشیدن، فهمیدن,Ref=1.343
νόῳ,νόος,n-s---md-,ذهن,Ref=1.132|SpaceAfter=No
νοῦσον,νόσος,n-s---fa-,بیماری,Ref=1.10
νόσφι,νόσφι,r--------,دور از,Ref=1.349
νῦν,νῦν,d--------,اکنون، اینک,Ref=1.27
νυκτὶ,νύξ,n-s---fd-,شب,Ref=1.47
νώμησαν,νωμάω,v3paia---,تقسیم کردن,Ref=1.471
ξανθῆς,ξανθός,a-s---fg-,زرین,Ref=1.197
ξίφος,ξίφος,n-s---na-,شمشیر,Ref=1.194|SpaceAfter=No
ξυνήϊα,ξυνήιος,a-p---na-,اموال عمومی,Ref=1.124
τὰ,ὁ,l-p---na-,او، آن,Ref=1.6
ὀβελοῖσιν,ὀβελός,n-p---md-,سیخ,Ref=1.465
τοῦδ',ὅδε,p-s---ng-,این، همین,Ref=1.110
ὁδὸν,ὁδός,n-s---fa-,راه,Ref=1.151
Ὀδυσῆος,Ὀδυσσεύς,n-s---mg-,ادیسه,Ref=1.138
ὄζους,ὄζος,n-p---ma-,شاخه‌,Ref=1.234
ὄθομαι,ὄθομαι,v1spie---,توجه کردن,Ref=1.181
ᾔδη,οἶδα,v3slia---,دانستن,Ref=1.70
ὀϊζυρὸς,ὀιζυρός,a-s---mn-,سرگشته، رقت‌بار,Ref=1.417
οἴκαδ',οἴκαδε,d--------,به خانه، سوی خانه,Ref=1.19
οἴκοι,οἴκοι,d--------,در خانه,Ref=1.113
οἴκῳ,οἶκος,n-s---md-,خانه,Ref=1.30
οἰνοβαρές,οἰνοβαρής,a-s---mv-,می‌خواره,Ref=1.225|SpaceAfter=No
οἶνον,οἶνος,n-s---ma-,شراب,Ref=1.462
οἰνοχόει,οἰνοχοέω,v3siia---,شراب ریختن,Ref=1.598
ὀΐω,οἴομαι,v1spia---,گمان کردن، دانستن,Ref=1.59
οἶος,οἶος,a-s---mn-,تنها,Ref=1.118
οἷον,οἷος,a-s---ma-,همچون، امثال، مانند,Ref=1.263
ὀϊστοὶ,ὀιστός,n-p---mn-,تیر، پیکان,Ref=1.46
ᾤχετο,οἴχομαι,v3siie---,رفتن، آمدن,Ref=1.53
οἰωνοπόλων,οἰωνοπόλος,n-p---mg-,تعبیرگر پرندگان,Ref=1.69
οἰωνοῖσί,οἰωνός,n-p---md-,پرنده,Ref=1.5
ὀλέκοντο,ὀλέκω,v3piie---, نابود کردن، هلاک شدن,Ref=1.10
ὀλίγον,ὀλίγος,a-s---na-,اندک,Ref=1.167
ὀλέσσῃ,ὄλλυμι,v3sasa---,از میان بردن، نابود کردن,Ref=1.205|SpaceAfter=No
ὀλοιῇσι,ὀλοός,a-p---fd-,نابودگر، مرگ‌بار,Ref=1.342
Ὀλύμπια,Ὀλύμπιος,a-p---na-,المپی,Ref=1.18
Ὀλύμπῳ,Ὄλυμπος,n-s---md-,المپ,Ref=1.566
ὁμηγερέες,ὁμηγερής,a-p---mn-,انجمن,Ref=1.57
ὡμίλησα,ὁμιλέω,v1saia---,همنشین بودن,Ref=1.261|SpaceAfter=No
ὀμίχλη,ὁμίχλη,n-s---fn-,مه، غبار,Ref=1.359|SpaceAfter=No
ὄμματ',ὄμμα,n-p---na-,چشم,Ref=1.225
ὄμοσσον,ὄμνυμι,v2sama---,سوگند خوردن,Ref=1.76
ὁμοίης,ὁμοῖος,a-s---fg-,همسان,Ref=1.278
ὁμοιωθήμεναι,ὁμοιόω,v--anp---,قیاس کردن,Ref=1.187
ὁμοῦ,ὁμοῦ,d--------,با هم,Ref=1.61
ὁμῶς,ὁμῶς,d--------,یکسان، به یک اندازه,Ref=1.196
ὄναρ,ὄναρ,n-s---nn-,رویا,Ref=1.63
ὀνειδείοις,ὀνείδειος,a-p---nd-,ملامت‌بار,Ref=1.519
ὀνείδισον,ὀνειδίζω,v2sama---,طعنه زدن، سرزنش کردن,Ref=1.211
ὀνείδεα,ὄνειδος,n-p---na-,ملامت‌، ناسزا، سرزنش,Ref=1.291
ὀνειροπόλον,ὀνειροπόλος,n-s---ma-,خواب‌‌گزار,Ref=1.63|SpaceAfter=No
ὤνησας,ὀνίνημι,v2saia---,شاد کردن، یاری دادن,Ref=1.395
ὀνόμαζε,ὀνομάζω,v3siia---,صدا زدن,Ref=1.361|SpaceAfter=No
ὀξὺ,ὀξύς,a-s---na-,تیز,Ref=1.190
ὄπιθεν,ὄπισθεν,d--------,از پشت، پشت سر,Ref=1.197|SpaceAfter=No
ὀπίσσω,ὀπίσω,d--------,پشت، از پشت، پس ,Ref=1.343|SpaceAfter=No
ὁππότ',ὁπότε,d--------,آنگاه که,Ref=1.163
ὤπτησάν,ὀπτάω,v3paia---,کباب کردن,Ref=1.466
ὅπως,ὅπως,c--------,به نحوی که، تا,Ref=1.136
ὁρᾶτο,ὁράω,v3siie---,دیدن,Ref=1.56|SpaceAfter=No
ὀρεγνύς,ὀρέγνυμι,v-sppamn-,بالا بردن,Ref=1.351|SpaceAfter=No
ὀρεσκῴοισι,ὀρεσκῷος,a-p---md-,کوه‌نشین,Ref=1.268
οὐρῆας,ὀρεύς,n-p---ma-,قاطر,Ref=1.50
ὅρκον,ὅρκος,n-s---ma-,سوگند,Ref=1.233
ὥρμαινε,ὁρμαίνω,v3siia---,تعمق کردن,Ref=1.193
ὅρμον,ὅρμος,n-s---ma-,لنگرگاه,Ref=1.435
ὄρσε,ὄρνυμι,v3saia---,برانگیختن,Ref=1.10
ὄρεσσι,ὄρος,n-p---nd-,کوه‌,Ref=1.235
ἣ,ὅς,p-s---fn-,او، آن، که,Ref=1.2
ὅσσον,ὅσος,a-s---na-,چنین، این چنین,Ref=1.186
ὄσσε,ὄσσε,n-d---nn-,دو چشم,Ref=1.200
ὀσσόμενος,ὄσσομαι,v-sppemn-,نگاه کردن، پیش‌بینی کردن,Ref=1.105
ἅσσ',ὅστις,p-p---na-,آنچه که، چنان که، که,Ref=1.554
ὅτε,ὅτε,c--------,آنگاه که، هنگامی که,Ref=1.80
ὅτι,ὅτι,c--------,آنگاه که، از آن رو که,Ref=1.56
ὀτρηρὼ,ὀτρηρός,a-d---mn-,چالاک، آماده به خدمت,Ref=1.321
οὐκ,οὐ,d--------,نه (منفی ساز),Ref=1.24
οὐδὲν,οὐδείς,a-s---na-,هیچکس، هیچ,Ref=1.244
οὐλομένην,οὐλόμενος,a-s---fa-,ویرانگر,Ref=1.2|SpaceAfter=No
οὐλοχύτας,οὐλοχύται,n-p---fa-,بلغور جو,Ref=1.449
οὖν,οὖν,g--------,سپس، بی‌شک,Ref=1.57
οὕνεκα,οὕνεκα,c--------,از آن رو که,Ref=1.11
Οὐρανίωνες,Οὐρανίωνες,n-p---mn-,آسمانیان، آسمانی,Ref=1.570|SpaceAfter=No
οὐρανόθεν,οὐρανόθεν,d--------,از آسمان,Ref=1.195|SpaceAfter=No
οὐρανὸν,οὐρανός,n-s---ma-,آسمان,Ref=1.497
οὖρον,οὖρος,n-s---ma-,باد,Ref=1.479
οὔτέ,οὔτε,d--------,نه (ادات نفی),Ref=1.108
οὔ,οὔτι,d--------,نه (ادات نفی),Ref=1.108
οὐτιδανὸς,οὐτιδανός,a-s---mn-,بی‌مقدار,Ref=1.293
ταῦτ',οὗτος,a-p---na-,این، آن,Ref=1.126
οὕτως,οὕτως,d--------,چنین,Ref=1.131
ὄφελες,ὀφείλω,v2saia---,ملزم بودن، چنین بودن ,Ref=1.415
ὄφελλεν,ὀφέλλω,v3siia---,مدیون‌ بودن، بزرگ داشتن,Ref=1.353
ὀφθαλμοῖσιν,ὀφθαλμός,n-p---md-,چشم,Ref=1.587
ὄφρα,ὄφρα,c--------,تا,Ref=1.82
ὀφρύσι,ὀφρύς,n-p---fd-,ابرو,Ref=1.528
ὄχ',ὄχα,d--------,چه بسا، به مراتب,Ref=1.69
ὀχθήσας,ὀχθέω,v-sapamn-,از خشم لبریز شدن,Ref=1.517
ὀπὶ,ὄψ,n-s---fd-,صدا,Ref=1.604
παιήονα,παιάν,n-s---ma-,سرود‌های آپولونی، پایان,Ref=1.473
παῖδα,παῖς,n-s---fa-,فرزند,Ref=1.20
παλάμῃς,παλάμη,n-p---fd-,دست، کف دست,Ref=1.238
παλίλλογα,παλίλλογος,a-p---na-,بازپس‌گرفته,Ref=1.126
παλιμπλαγχθέντας,παλιμπλάζομαι,v-pappma-,پس رانده شدن,Ref=1.59
πάλιν,πάλιν,d--------,باز,Ref=1.116
παλινάγρετον,παλινάγρετος,a-s---nn-,پس گرفتن,Ref=1.526
Παλλάδ',Παλλάς,n-s---fa-,پالاس,Ref=1.200
πάμπαν,πάμπαν,d--------,یکسره,Ref=1.422|SpaceAfter=No
πανημέριοι,πανημέριος,a-p---mn-,تمام روز,Ref=1.472
πάντῃ,πάντῃ,d--------, از هر سو,Ref=1.384
παρὰ,παρά,r--------,کنار,Ref=1.26
παράφημι,παράφημι,v1spia---,پند دادن,Ref=1.577
παρέζετο,παρέζομαι,v3siie---,کنار... نشستن,Ref=1.557
πάρ',πάρειμι,v3ppia---,حضور داشتن، کنار ... بودن ,Ref=1.174
παρείπῃ,παρεῖπον,v3sasa---, قانع کردن,Ref=1.555
παρελεύσεαι,παρέρχομαι,v2sfim---,از کنار ... گذشتن، فریب دادن,Ref=1.132
παρήμενος,πάρημαι,v-sppemn-,کنار... نشستن,Ref=1.421
πάροιθ',πάροιθε,r--------,پیش، در برابر,Ref=1.360
πάρος,πάρος,d--------,پیش از این، تا کنون,Ref=1.610
πᾶσι,πᾶς,a-p---md-,تمام، همه,Ref=1.5|SpaceAfter=No
πάσαντο,πατέομαι,v3paim---,خوردن,Ref=1.464|SpaceAfter=No
πατρὶ,πατήρ,n-s---md-,پدر  ,Ref=1.98
πάτρης,πάτρη,n-s---fg-,وطن، سرزمین پدری,Ref=1.30
Πατρόκλεες,Πάτροκλος,n-s---mv-,پاتروکلوس,Ref=1.337
παύσαντο,παύω,v3paim---,پایان دادن، متوقف کردن,Ref=1.467
ἐπείθετο,πείθω,v3siie---,ترغیب کردن، فرمان بردن,Ref=1.33
πείρησαι,πειράω,v2samm---,آزمودن، سعی کردن,Ref=1.302
Πειρίθοόν,Πειρίθοος,n-s---ma-, پیریتوس,Ref=1.263
πεπαρμένον,πείρω,v-srpena-,زدن، کوبیدن,Ref=1.246|SpaceAfter=No
πέλασαν,πελάζω,v3paia---,نزدیک آوردن، نزدیک شدن,Ref=1.434
πέλεται,πέλω,v3spie---,گشتن، شدن,Ref=1.284
ἔπεμψεν,πέμπω,v3saia---,فرستادن,Ref=1.442
πεμπώβολα,πεμπώβολον,n-p---na-,چنگال‌ پنج‌شاخه,Ref=1.463
πένθος,πένθος,n-s---nn-,اندوه، غصه,Ref=1.254
πένοντο,πένομαι,v3piie---,مشغول بودن، زحمت کشیدن,Ref=1.318
περ,πέρ,g--------,حتی، گرچه,Ref=1.81
περὶ,περί,r--------,پیرامون، با، فراتر از,Ref=1.236
περίσχεο,περιέχω,v2samm---,حمایت کردن، در بر گرفتن,Ref=1.393
περικαλλέος,περικαλλής,a-s---fg-,بس‌زیبا,Ref=1.603
περικλυτὸς,περικλυτός,a-s---mn-,نامدار,Ref=1.607
περιφραδέως,περιφραδής,d--------,ماهرانه,Ref=1.466|SpaceAfter=No
πέτασσαν,πετάννυμι,v3paia---,گستردن,Ref=1.480|SpaceAfter=No
Πηλεΐδη,Πηλείδης,n-s---mv-,پور پلئوس,Ref=1.146
Πηλεΐωνι,Πηλείων,n-s---md-,پور پلئوس,Ref=1.188
Πηλῆος,Πηλεύς,n-s---mg-,پلئوس,Ref=1.489
Πηληϊάδεω,Πηληιάδης,n-s---mg-,پور پلئوس,Ref=1.1
πίμπλαντ',πίμπλημι,v3piie---,انباشتن، مالامال گشتن,Ref=1.104|SpaceAfter=No
πίπτωσι,πίπτω,v3ppsa---,افتادن,Ref=1.243|SpaceAfter=No
πίονα,πίων,a-p---na-,پیه‌اندود,Ref=1.40
πλεῖον,πλείων,a-s---nac,بیشتر,Ref=1.165
πλοῦτον,πλοῦτος,n-s---ma-,ثروت,Ref=1.171
ποδάρκης,ποδάρκης,a-s---mn-,تیزپا,Ref=1.121
ποθέεσκε,ποθέω,v3siia---,آرزو کردن، مشتاق بودن,Ref=1.492
ποθὴ,ποθή,n-s---fn-,نیاز,Ref=1.240
ποθι,ποθι,d--------,زمانی,Ref=1.128
ποιήσαντες,ποιέω,v-papamn-,ساختن,Ref=1.461|SpaceAfter=No
ποιμένα,ποιμήν,n-s---ma-,چوپان,Ref=1.263
ποῖον,ποῖος,a-s---ma-,چه,Ref=1.552
ποιπνύοντα,ποιπνύω,v-sppama-,به تکاپو افتادن,Ref=1.600|SpaceAfter=No
πολεμίζων,πολεμίζω,v-sppamn-,جنگیدن,Ref=1.168|SpaceAfter=No
πόλεμός,πόλεμος,n-s---mn-,جنگ,Ref=1.61
πολιῆς,πολιός,a-s---fg-,خاکستری,Ref=1.350|SpaceAfter=No
πόλιν,πόλις,n-s---fa-,شهر,Ref=1.366
πολλάκι,πολλάκις,d--------,بارها,Ref=1.396
πολυάϊκος,πολυ,---------,دشواری,Ref=1.165
πολυβενθέος,πολυβενθής,a-s---mg-,بس ژرف,Ref=1.432
πολυδειράδος,πολυδειράς,a-s---mg-, چندفراز ,Ref=1.499
πολύμητις,πολύμητις,a-s---mn-,پرنیرنگ,Ref=1.311
πολλὰς,πολύς,a-p---fa-,بسی، بسیار,Ref=1.3
πολύστονα,πολύστονος,a-p---na-,پر سوگ,Ref=1.445
Πολύφημον,Πολύφημος,n-s---ma-,پلوفموس,Ref=1.264
πολυφλοίσβοιο,πολύφλοισβος,a-s---fg-,خروشان,Ref=1.34
πόνου,πόνος,n-s---mg-,کار، زحمت,Ref=1.467
ποντοπόροιο,ποντόπορος,a-s---fg-,دریاپیما,Ref=1.439|SpaceAfter=No
πόντον,πόντος,n-s---ma-,دریا,Ref=1.350|SpaceAfter=No
πόποι,πόποι,i--------,دریغا، آه,Ref=1.254
πορφύρεον,πορφύρεος,a-s---nn-,خیزان، خروشان,Ref=1.482
πόρε,πόρω,v3saia---,اعطا کردن، مقدر کردن,Ref=1.72
Ποσειδάων,Ποσειδεών,n-s---mn-,پوسیدون,Ref=1.400
πόσιος,πόσις,n-s---fg-,نوشیدنی,Ref=1.469
ποτέ,ποτέ,g--------,گاهی، وقتی، پیش از این,Ref=1.39
πότνια,πότνια,a-s---fn-,گرانقدر,Ref=1.568
ποτοῖο,ποτός,a-s---mg-, باده، نوشیدنی,Ref=1.470|SpaceAfter=No
που,πού,d--------,جایی، به طریقی,Ref=1.124
πόδας,πούς,n-p---ma-,پا,Ref=1.58
πραπίδεσσι,πραπίδες,n-p---fd-,فهم، درک,Ref=1.608|SpaceAfter=No
πρῆξαι,πράσσω,v--ana---,پیش بردن، انجام دادن,Ref=1.562
πρῆσεν,πρήθω,v3saia---,باد کردن، دمیدن,Ref=1.481
Πριάμοιο,Πρίαμος,n-s---mg-,پریام,Ref=1.19
πρίν,πρίν,c--------,تا، تا هنگامی که,Ref=1.98
πρό,πρό,r--------,پیش، پیشتر,Ref=1.70
προβάλοντο,προβάλλω,v3paim---,افشاندن,Ref=1.458|SpaceAfter=No
προβέβουλα,προβέβουλα,v1sria---,ترجیح دادن,Ref=1.113
προέρεσσαν,προερέσσω,v3paia---,پیش راندن,Ref=1.435
προέρυσσεν,προερύω,v3saia---,پیش کشیدن,Ref=1.308|SpaceAfter=No
προΐαψεν,προιάπτω,v3saia---,افکندن، پیش فرستادن,Ref=1.3
πρόες,προίημι,v2sama---,پیش فرستادن,Ref=1.127|SpaceAfter=No
πρόπαν,πρόπας,a-s---na-,تمام، همه,Ref=1.601
πρὸς,πρός,r--------,سوی، نزد، از,Ref=1.160
προσηύδα,προσαυδάω,v3siia---,پیش‌ خواندن,Ref=1.201|SpaceAfter=No
προσέειπε,προσεῖπον,v3saia---,گفتن,Ref=1.105|SpaceAfter=No
πρόσθεν,πρόσθεν,d--------,نخست,Ref=1.251
προσέφη,πρόσφημι,v3siia---,گفتن، پاسخ دادن,Ref=1.84
προσεφώνεον,προσφωνέω,v3piia---,گفتن,Ref=1.332
πρόσσω,πρόσω,d--------,پیش، بعدی,Ref=1.343
πρότερος,πρότερος,a-s---mn-,پیش، جلوتر، مقدم,Ref=1.548
προθέουσιν,προτίθημι,v3ppia---,پیش نهادن، اجازه دادن,Ref=1.291
προτόνοισιν,πρότονοι,n-p---md-,ریسمان جلوی دکل,Ref=1.434
πρόφρων,πρόφρων,a-s---mn-,قاطعانه، مشتاقانه، با رغبت,Ref=1.77
πρύμνας,πρύμνα,n-p---fa-,پاشنه‌ی کشتی,Ref=1.409
πρυμνήσι',πρυμνήσιος,a-p---na-,ریسمان‌ پاشنه‌ی کشتی,Ref=1.436
πρώτιστα,πρώτιστος,a-p---na-,نخست,Ref=1.105
πρῶτα,πρῶτος,a-p---na-,نخست,Ref=1.6
πτερόεντα,πτερόεις,a-p---na-,بالدار، پردار,Ref=1.201
πτολίεθρον,πτολίεθρον,n-s---na-,شهر ، دژ,Ref=1.164|SpaceAfter=No
Πυλίων,Πύλιος,n-p---mg-,پولسی,Ref=1.248
πυθοίατο,πυνθάνομαι,v3paom---,آموختن، دانستن,Ref=1.257
πυρὶ,πῦρ,n-s---nd-,آتش,Ref=1.104
πυραὶ,πυρή,n-p---fn-,آتشگاه، هیمه‌‌‌ی آتش,Ref=1.52
πώ,πω,g--------,تا کنون، هنوز، هرگز ,Ref=1.106
πωλέσκετο,πωλέομαι,v3siie---,به ... رفت و آمد کردن ,Ref=1.490
πώποτ',πώποτε,d--------,هرگز,Ref=1.154
πως,πως,g--------,به طریقی,Ref=1.66
πῶς,πῶς,d--------,چگونه,Ref=1.150
ῥέξας,ῥέζω,v-sapamn-,ذبح کردن,Ref=1.147|SpaceAfter=No
ῥέεν,ῥέω,v3siia---,جاری گشتن، روان شدن,Ref=1.249
ῥηγμῖνι,ῥηγμίν,n-s---md-,کرانه‌,Ref=1.437
ῥίγιον,ῥίγιον,a-s---nn-,ناگوارتر,Ref=1.325
ῥῖψε,ῥίπτω,v3saia---,بیرون انداختن، افکندن,Ref=1.591
ῥοδοδάκτυλος,ῥοδοδάκτυλος,a-s---fn-,انگشت گلگون,Ref=1.477
σημαίνειν,σημαίνω,v--pna---,دستور دادن، فرمان راندن,Ref=1.289|SpaceAfter=No
Σίντιες,Σίντιες,n-p---mn-,سینتیایی,Ref=1.594
σκαιῇ,σκαιός,a-s---fd-,چپ، دست چپ,Ref=1.501|SpaceAfter=No
σκηπτοῦχος,σκηπτοῦχος,a-s---mn-,صاحب‌عصا,Ref=1.279
σκήπτρῳ,σκῆπτρον,n-s---nd-,عصای‌ شاهی,Ref=1.15|SpaceAfter=No
ἐσκίδναντο,σκίδνημι,v3piie---,متفرق شدن,Ref=1.487
σκιόεντα,σκιόεις,a-p---nn-,سایه‌دار، پر سایه,Ref=1.157
Σμινθεῦ,Σμινθεύς,n-s---mv-,اسمینتئوس,Ref=1.39
σ',σοί,p-s---md-,تو,Ref=1.170
σοῖσι,σός,a-p---nd-,مال‌ تو، ِ تو,Ref=1.42
σπλάγχνα,σπλάγχνον,n-p---na-,اندرونه‌، احشا,Ref=1.464
στείρῃ,στεῖρα,n-s---fd-,دماغه‌ (کشتی),Ref=1.482
στείλαντο,στέλλω,v3paim---,آماده کردن، جمع کردن,Ref=1.433|SpaceAfter=No
στέμματ',στέμμα,n-p---na-,بساک,Ref=1.14
στενάχων,στενάχω,v-sppamn-,آه کشیدن، نالیدن,Ref=1.364
στήθεσσιν,στῆθος,n-p---nd-,سینه‌,Ref=1.83
στρατὸν,στρατός,n-s---ma-,لشکر,Ref=1.10
στυγέῃ,στυγέω,v3spsa---,ترسیدن، بیزار بودن,Ref=1.186
στυφελίξαι,στυφελίζω,v--ana---,راندن، بدرفتاری کردن,Ref=1.581|SpaceAfter=No
ὑμῖν,σύ,p-p----d-,تو، شما,Ref=1.18
συμπάντων,σύμπας,a-p---mg-,جملگی,Ref=1.90
συμφράσσατο,συμφράζομαι,v3saim---,هم‌فکری کردن، مشورت کردن,Ref=1.537
σὺν,σύν,r--------,با,Ref=1.170
ξυνδῆσαι,συνδέω,v--ana---,بستن، پیوند دادن,Ref=1.399
ξυνέηκε,συνίημι,v3saia---,آوردن، شنیدن,Ref=1.8
σύνθεο,συντίθημι,v2samm---,کنار هم گذاشتن، پی بردن,Ref=1.76
ἔσφαξαν,σφάζω,v3paia---,ذبح کردن,Ref=1.459
σφωε,σφεῖς,p-d---ma-,آنها، او,Ref=1.8
σφοῦ,σφός,a-s---mg-,مال آنها، َ آنها,Ref=1.534
σφωΐτερόν,σφωίτερος,a-s---na-,مال شما دو نفر,Ref=1.216
σχίζῃς,σχίζα,n-p---fd-, سیخ,Ref=1.462
σαώσεις,σώζω,v2sasa---,محافظت کردن,Ref=1.83|SpaceAfter=No
σαώτερος,σῶς,a-s---mnc,ایمن، بی‌گزند، امن,Ref=1.32
Ταλθύβιόν,Ταλθύβιος,n-s---ma-,تالتوبیوس,Ref=1.320
τάνυσσαν,τανύω,v3paia---,گستردن,Ref=1.486|SpaceAfter=No
ταράξῃ,ταράσσω,v3sasa---,بر هم‌ زدن، مختل کردن,Ref=1.579|SpaceAfter=No
ταρβήσαντε,ταρβέω,v-dapamn-,ترسیدن,Ref=1.331
ταύρων,ταῦρος,n-p---mg-,گاو,Ref=1.41
τάχ',τάχα,d--------,به زودی، به سرعت,Ref=1.205
τε,τε,c--------,و,Ref=1.5
τέκμωρ,τέκμαρ,n-s---nn-,نشان، علامت,Ref=1.526|SpaceAfter=No
τέκνον,τέκνον,n-s---nv-,فرزند، کودک,Ref=1.362
τέκος,τέκος,n-s---nv-, فرزند، جوان,Ref=1.202
τελείων,τέλειος,a-p---mg-,بی نقص، کامل,Ref=1.66
ἐτελείετο,τελέω,v3siie---,به فرجام رسیدن، به فرجام رساندن,Ref=1.5
τεληέσσας,τελήεις,a-p---fa-,بی‌نقص,Ref=1.315
ἔτελλε,τέλλω,v3siia---,فرمان دادن (با ἐπί),Ref=1.25|SpaceAfter=No
Τενέδοιό,Τένεδος,n-s---fg-,تِنِدوسْ,Ref=1.38
τεὸν,τεός,a-s---na-,تو,Ref=1.138
τερπικεραύνῳ,τερπικέραυνος,a-s---md-,رعد افکن,Ref=1.419
τέρπετ',τέρπω,v3siie---,خشنود گشتن,Ref=1.474
τεταγὼν,τεταγών,v-sapamn-,گرفتن,Ref=1.591
τετραπλῇ,τετραπλόος,a-s---fd-,چهار برابر,Ref=1.128
τεῦχε,τεύχω,v3siia---,ساختن، آفریدن، آماده کردن,Ref=1.4
τηλόθεν,τηλόθεν,d--------,از دوردست,Ref=1.270
τηλόθι,τηλόθι,r--------,دور، با فاصله,Ref=1.30
ἔθηκε,τίθημι,v3saia---,نهادن، گذاشتن، گزاردن,Ref=1.2|SpaceAfter=No
τέκε,τίκτω,v3saia---,زادن,Ref=1.36
τιμήσουσι,τιμάω,v3pasa---,احترام کردن,Ref=1.175|SpaceAfter=No
τιμὴν,τιμή,n-s---fa-,احترام، عزت,Ref=1.159
τίσειαν,τίνω,v3paoa---,تاوان دادن، سزا دادن,Ref=1.42
τίπτ',τίπτε,p--------,چرا,Ref=1.202
τι,τις,p-s---na-,کسی، چیزی,Ref=1.602
τίς,τίς,x--------,کدامین,Ref=1.8
τέτληκας,τλάω,v2sria---,تاب آوردن، طاقت آوردن,Ref=1.228
τοι,τοι,g--------,تو، تو را (ادات تاکید),Ref=1.298
τοίους,τοῖος,a-p---ma-,چنین,Ref=1.262
τομὴν,τομή,n-s---fa-,از کنده‌اش,Ref=1.235
τόξ',τόξον,n-p---na-,کمان,Ref=1.45
τόσσον,τόσος,a-s---na-,چنین، چندان,Ref=1.64
τότε,τότε,d--------,آنگاه، در آن هنگام,Ref=1.92
τοὔνεκά,τοὔνεκα,d--------,از این رو، به این خاطر,Ref=1.291
τόφρα,τόφρα,d--------,چندی,Ref=1.509
ἐτράπετ',τρέπω,v3saim---,برگشت,Ref=1.199|SpaceAfter=No
τράφεν,τρέφω,v3paip---,بالیدن، پروردن,Ref=1.251
τριπλῇ,τριπλόος,a-s---fd-,سه برابر,Ref=1.128
τρὶς,τρίς,d--------,سوم، بار سوم,Ref=1.213
τριτάτοισιν,τρίτατος,a-p---md-,(میان) سومین,Ref=1.252
Τροίην,Τροία,n-s---fa-,ترویا,Ref=1.129
Τρώων,Τρώς,n-p----g-,تروس,Ref=1.152
τυτθὸν,τυτθός,a-s---na-,اندک، کوچک، ذره‌,Ref=1.354
τώ,τῷ,d--------,پس، بنابراین,Ref=1.418
ὕβριος,ὕβρις,n-s---fg-,گستاخی,Ref=1.214
ὑγρὰ,ὑγρός,a-p---na-,مرطوب، تر، پر آب,Ref=1.312
υἱός,υἱός,n-s---mn-,پسر,Ref=1.9|SpaceAfter=No
ὑπείξομαι,ὑπείκω,v1sasm---,واگذاردن، تسلیم کردن,Ref=1.294
ὑπὲρ,ὑπέρ,r--------,بالای، به خاطر,Ref=1.444
ὑπεροπλίῃσι,ὑπεροπλία,n-p---fd-,جسارت,Ref=1.205
ὑπόσχεο,ὑπισχνέομαι,v2saim---,بر عهده گرفتن، عهد بستن,Ref=1.514
ὕπνος,ὕπνος,n-s---mn-,خواب,Ref=1.610
ὑφ',ὑπό,r--------,زیر، توسط,Ref=1.242
ὑποβλήδην,ὑποβλήδην,d--------,با ایجاد وقفه، حرف قطع کرده,Ref=1.292
ὑπέδεισαν,ὑποδείδω,v3paia---,از ترس چندک زدن,Ref=1.406
ὑπόδρα,ὑπόδρα,d--------,قهرآلود، از زیر,Ref=1.148
ὑπελύσαο,ὑπολύω,v2saim---,رهاندن، آزاد کردن,Ref=1.401
ὕστατα,ὕστατος,a-p---na-,آخرین,Ref=1.232
ὕστερον,ὕστερος,a-s---na-,بعدتر، بعدی,Ref=1.27
ὑφέντες,ὑφίημι,v-papamn-,فرو کشیدن، پایین آوردن,Ref=1.434
ὑψιβρεμέτης,ὑψιβρεμέτης,a-s---mn-,بلند-رعد,Ref=1.354|SpaceAfter=No
ὑψοῦ,ὑψοῦ,d--------,بالا، بلند,Ref=1.486
φαινομένη,φαίνω,v-sppefn-,پدیدار شدن، فروزان گشتن,Ref=1.198|SpaceAfter=No
φάος,φάος,n-s---nn-,نور,Ref=1.605
φαρέτρην,φαρέτρα,n-s---fa-,تیردان,Ref=1.45|SpaceAfter=No
φάσγανον,φάσγανον,n-s---na-,شمشیر,Ref=1.190
φέρτερόν,φέρτατος,a-s---nn-,بهترین، صفت تفضیلی: بهتر,Ref=1.169
φέρων,φέρω,v-sppamn-,بردن، آوردن,Ref=1.13
φεῦγε,φεύγω,v2spma---,گریختن,Ref=1.173
ἔφατ',φημί,v3siie---,گفتن,Ref=1.33|SpaceAfter=No
φηρσὶν,φήρ,n-p---md-,سنتور، قنطورس,Ref=1.268
Φθίην,Φθία,n-s---fa-, فتیا ,Ref=1.169
φθινύθεσκε,φθινύθω,v3siia---,پژمردن، هدر دادن,Ref=1.491
ἐφθίαθ',φθίω,v3plie---,زوال یافتن,Ref=1.251|SpaceAfter=No
φιλέουσά,φιλέω,v-sppafn-,دوست داشتن، مهر ورزیدن,Ref=1.196
φιλοκτεανώτατε,φιλοκτέανος,a-s---mvs,مال‌دوست‌,Ref=1.122
φίλην,φίλος,a-s---fa-,عزیز، مهربان,Ref=1.20|SpaceAfter=No
φλοιόν,φλοιός,n-s---ma-,پوست درخت، پوسته,Ref=1.237|SpaceAfter=No
Φοῖβος,Φοῖβος,n-s---mn-,فویبوس,Ref=1.43
φορέουσι,φορέω,v3ppia---,نگه داشتن، گرفتن، بردن,Ref=1.238
φόρμιγγος,φόρμιγξ,n-s---fg-,چنگ رومی، لیر,Ref=1.603
φράσαι,φράζω,v2samm---,ابراز داشتن، سنجیدن، تامل کردن,Ref=1.83
φρεσὶ,φρήν,n-p----d-,دل,Ref=1.55
φρονέων,φρονέω,v-sppamn-,اندیشیدن,Ref=1.73
φυήν,φυή,n-s---fa-,قامت,Ref=1.115|SpaceAfter=No
φύλλα,φύλλον,n-p---na-,برگ‌,Ref=1.234
φύσει,φύω,v3siia---,رویاندن، تولید کردن,Ref=1.235|SpaceAfter=No
φωνήσας,φωνέω,v-sapamn-,دهان گشودن، صدا کردن,Ref=1.201
χαίρῃς,χαίρω,v2spsa---,خرسند گشتن، خوش آمدن,Ref=1.158|SpaceAfter=No
χαῖται,χαίτη,n-p---fn-,زلف، یال,Ref=1.529
χαλεποί,χαλεπός,a-p---mn-,دشوار,Ref=1.546
χαλκοβατὲς,χαλκοβατής,a-s---na-,کف-مفرغین,Ref=1.426
χαλκὸς,χαλκός,n-s---mn-,مفرغ,Ref=1.236
χαλκοχιτώνων,χαλκοχίτων,a-p---mg-,مفرغ‌پوش,Ref=1.371
χαρίεντ',χαρίεις,a-s---md-,خشنود,Ref=1.39
χερσὶν,χείρ,n-p---fd-,دست,Ref=1.14
χέρηϊ,χερείων,a-s---mdc,پست‌تر، بدتر,Ref=1.80|SpaceAfter=No
χερνίψαντο,χερνίπτομαι,v3paie---,دستان را تطهیر کردن,Ref=1.449
χέων,χέω,v-sppamn-,ریختن,Ref=1.357|SpaceAfter=No
χθιζὸς,χθιζός,a-s---mn-,دیروز,Ref=1.424
χθονὶ,χθών,n-s---fd-,زمین,Ref=1.88
χόλον,χόλος,n-s---ma-,خشم,Ref=1.81
χολωθεὶς,χολόω,v-sappmn-,خشمگین کردن، خشمگین شدن,Ref=1.9
χραίσμῃ,χραισμέω,v3sasa---,حفظ کردن، دفاع کردن,Ref=1.28
χρειὼ,χρεώ,n-s---fn-,نیاز,Ref=1.341
χρὴ,χρή,v3spia---,بایستی، لازم است,Ref=1.216
χρυσέῳ,χρύσεος,a-s---nd-,زرین,Ref=1.15
Χρύσην,Χρύση,n-s---fa-,خروسه ,Ref=1.37
Χρυσηΐδος,Χρυσηίς,n-s---fg-,دخت‌خروسس,Ref=1.111
Χρύσης,Χρύσης,n-s---mn-,خروسس,Ref=1.450
χρυσόθρονος,χρυσόθρονος,a-s---fn-,زرین‌تاج,Ref=1.611
χωόμενος,χώομαι,v-sppemn-, خشم گرفتن,Ref=1.44
ψαμάθοις,ψάμαθος,n-p---fd-,ساحل,Ref=1.486|SpaceAfter=No
ψυχὰς,ψυχή,n-p---fa-,روان‌,Ref=1.3
ὦ,ὦ,i--------,ای,Ref=1.74
ὧδε,ὧδε,d--------,چنین,Ref=1.181|SpaceAfter=No
ὦσε,ὠθέω,v3saia---,فرو بردن، هل دادن,Ref=1.220
ὦχ',ὦκα,d--------,بی‌درنگ,Ref=1.402
Ὠκεανὸν,Ὠκεανός,n-s---ma-,اقیانوس,Ref=1.423
ὠκύμορος,ὠκύμορος,a-s---mn-,جوان‌مرگ,Ref=1.417
ὠκυπόροισι,ὠκύπορος,a-p---fd-,تیزرو,Ref=1.421
ὠκὺς,ὠκύς,a-s---mn-,تیز,Ref=1.489
ὠμοθέτησαν,ὠμοθετέω,v3paia---,تکه‌های گوشت خام را  بر ران‌های پیه‌پیچیده نهادن,Ref=1.461|SpaceAfter=No
ὤμοισιν,ὦμος,n-p---md-,دوش، شانه,Ref=1.45
ὥς,ὡς,c--------,چنین، تا، آنگاه,Ref=1.32